,time,v_(i-1),x_(i-1),x_i0,s_i0,s_imin0,v_i0,x_i1,s_i1,s_imin1,v_i1,x_i2,s_i2,s_imin2,v_i2,x_i3,s_i3,s_imin3,v_i3,x_i4,s_i4,s_imin4,v_i4,x_i5,s_i5,s_imin5,v_i5,x_i6,s_i6,s_imin6,v_i6,x_i7,s_i7,s_imin7,v_i7,x_i8,s_i8,s_imin8,v_i8,x_i9,s_i9,s_imin9,v_i9
0,0.0,0.0,5000.0,-102,0,0,0,-202,0,0,0,-302,0,0,0,-402,0,0,0,-502,0,0,0,-602,0,0,0,-702,0,0,0,-802,0,0,0,-902,0,0,0,-1002,0,0,0
1,1.0,0.0,5000.0,-98,5102,6,4,-198,100,6,4,-298,100,6,4,-398,100,6,4,-498,100,6,4,-598,100,6,4,-698,100,6,4,-798,100,6,4,-898,100,6,4,-998,100,6,4
2,2.0,0.0,5000.0,-90,5098,11,8,-190,100,11,8,-290,100,11,8,-390,100,11,8,-490,100,11,8,-590,100,11,8,-690,100,11,8,-790,100,11,8,-890,100,11,8,-990,100,11,8
3,3.0,0.0,5000.0,-78,5090,16,12,-178,100,16,12,-278,100,16,12,-378,100,16,12,-478,100,16,12,-578,100,16,12,-678,100,16,12,-778,100,16,12,-878,100,16,12,-978,100,16,12
4,4.0,0.0,5000.0,-62,5078,22,16,-162,100,22,16,-262,100,22,16,-362,100,22,16,-462,100,22,16,-562,100,22,16,-662,100,22,16,-762,100,22,16,-862,100,22,16,-962,100,22,16
5,5.0,0.0,5000.0,-42,5062,27,20,-142,100,27,20,-242,100,27,20,-342,100,27,20,-442,100,27,20,-542,100,27,20,-642,100,27,20,-742,100,27,20,-842,100,27,20,-942,100,27,20
6,6.0,0.0,5000.0,-18,5042,32,24,-118,100,32,24,-218,100,32,24,-318,100,32,24,-418,100,32,24,-518,100,32,24,-618,100,32,24,-718,100,32,24,-818,100,32,24,-918,100,32,24
7,7.0,0.0,5000.0,10,5018,38,28,-90,100,38,28,-190,100,38,28,-290,100,38,28,-390,100,38,28,-490,100,38,28,-590,100,38,28,-690,100,38,28,-790,100,38,28,-890,100,38,28
8,8.0,0.0,5000.0,40,4990,43,30,-60,100,43,30,-160,100,43,30,-260,100,43,30,-360,100,43,30,-460,100,43,30,-560,100,43,30,-660,100,43,30,-760,100,43,30,-860,100,43,30
9,9.0,0.0,5000.0,70,4960,46,30,-30,100,46,30,-130,100,46,30,-230,100,46,30,-330,100,46,30,-430,100,46,30,-530,100,46,30,-630,100,46,30,-730,100,46,30,-830,100,46,30
10,10.0,0.0,5000.0,100,4930,46,30,0,100,46,30,-100,100,46,30,-200,100,46,30,-300,100,46,30,-400,100,46,30,-500,100,46,30,-600,100,46,30,-700,100,46,30,-800,100,46,30
11,11.0,0.0,5000.0,130,4900,46,30,30,100,46,30,-70,100,46,30,-170,100,46,30,-270,100,46,30,-370,100,46,30,-470,100,46,30,-570,100,46,30,-670,100,46,30,-770,100,46,30
12,12.0,0.0,5000.0,160,4870,46,30,60,100,46,30,-40,100,46,30,-140,100,46,30,-240,100,46,30,-340,100,46,30,-440,100,46,30,-540,100,46,30,-640,100,46,30,-740,100,46,30
13,13.0,0.0,5000.0,190,4840,46,30,90,100,46,30,-10,100,46,30,-110,100,46,30,-210,100,46,30,-310,100,46,30,-410,100,46,30,-510,100,46,30,-610,100,46,30,-710,100,46,30
14,14.0,0.0,5000.0,220,4810,46,30,120,100,46,30,20,100,46,30,-80,100,46,30,-180,100,46,30,-280,100,46,30,-380,100,46,30,-480,100,46,30,-580,100,46,30,-680,100,46,30
15,15.0,0.0,5000.0,250,4780,46,30,150,100,46,30,50,100,46,30,-50,100,46,30,-150,100,46,30,-250,100,46,30,-350,100,46,30,-450,100,46,30,-550,100,46,30,-650,100,46,30
16,16.0,0.0,5000.0,280,4750,46,30,180,100,46,30,80,100,46,30,-20,100,46,30,-120,100,46,30,-220,100,46,30,-320,100,46,30,-420,100,46,30,-520,100,46,30,-620,100,46,30
17,17.0,0.0,5000.0,310,4720,46,30,210,100,46,30,110,100,46,30,10,100,46,30,-90,100,46,30,-190,100,46,30,-290,100,46,30,-390,100,46,30,-490,100,46,30,-590,100,46,30
18,18.0,0.0,5000.0,340,4690,46,30,240,100,46,30,140,100,46,30,40,100,46,30,-60,100,46,30,-160,100,46,30,-260,100,46,30,-360,100,46,30,-460,100,46,30,-560,100,46,30
19,19.0,0.0,5000.0,370,4660,46,30,270,100,46,30,170,100,46,30,70,100,46,30,-30,100,46,30,-130,100,46,30,-230,100,46,30,-330,100,46,30,-430,100,46,30,-530,100,46,30
20,20.0,0.0,5000.0,400,4630,46,30,300,100,46,30,200,100,46,30,100,100,46,30,0,100,46,30,-100,100,46,30,-200,100,46,30,-300,100,46,30,-400,100,46,30,-500,100,46,30
21,21.0,0.0,5000.0,430,4600,46,30,330,100,46,30,230,100,46,30,130,100,46,30,30,100,46,30,-70,100,46,30,-170,100,46,30,-270,100,46,30,-370,100,46,30,-470,100,46,30
22,22.0,0.0,5000.0,460,4570,46,30,360,100,46,30,260,100,46,30,160,100,46,30,60,100,46,30,-40,100,46,30,-140,100,46,30,-240,100,46,30,-340,100,46,30,-440,100,46,30
23,23.0,0.0,5000.0,490,4540,46,30,390,100,46,30,290,100,46,30,190,100,46,30,90,100,46,30,-10,100,46,30,-110,100,46,30,-210,100,46,30,-310,100,46,30,-410,100,46,30
24,24.0,0.0,5000.0,520,4510,46,30,420,100,46,30,320,100,46,30,220,100,46,30,120,100,46,30,20,100,46,30,-80,100,46,30,-180,100,46,30,-280,100,46,30,-380,100,46,30
25,25.0,0.0,5000.0,550,4480,46,30,450,100,46,30,350,100,46,30,250,100,46,30,150,100,46,30,50,100,46,30,-50,100,46,30,-150,100,46,30,-250,100,46,30,-350,100,46,30
26,26.0,0.0,5000.0,580,4450,46,30,480,100,46,30,380,100,46,30,280,100,46,30,180,100,46,30,80,100,46,30,-20,100,46,30,-120,100,46,30,-220,100,46,30,-320,100,46,30
27,27.0,0.0,5000.0,610,4420,46,30,510,100,46,30,410,100,46,30,310,100,46,30,210,100,46,30,110,100,46,30,10,100,46,30,-90,100,46,30,-190,100,46,30,-290,100,46,30
28,28.0,0.0,5000.0,640,4390,46,30,540,100,46,30,440,100,46,30,340,100,46,30,240,100,46,30,140,100,46,30,40,100,46,30,-60,100,46,30,-160,100,46,30,-260,100,46,30
29,29.0,0.0,5000.0,670,4360,46,30,570,100,46,30,470,100,46,30,370,100,46,30,270,100,46,30,170,100,46,30,70,100,46,30,-30,100,46,30,-130,100,46,30,-230,100,46,30
30,30.0,0.0,5000.0,700,4330,46,30,600,100,46,30,500,100,46,30,400,100,46,30,300,100,46,30,200,100,46,30,100,100,46,30,0,100,46,30,-100,100,46,30,-200,100,46,30
31,31.0,0.0,5000.0,730,4300,46,30,630,100,46,30,530,100,46,30,430,100,46,30,330,100,46,30,230,100,46,30,130,100,46,30,30,100,46,30,-70,100,46,30,-170,100,46,30
32,32.0,0.0,5000.0,760,4270,46,30,660,100,46,30,560,100,46,30,460,100,46,30,360,100,46,30,260,100,46,30,160,100,46,30,60,100,46,30,-40,100,46,30,-140,100,46,30
33,33.0,0.0,5000.0,790,4240,46,30,690,100,46,30,590,100,46,30,490,100,46,30,390,100,46,30,290,100,46,30,190,100,46,30,90,100,46,30,-10,100,46,30,-110,100,46,30
34,34.0,0.0,5000.0,820,4210,46,30,720,100,46,30,620,100,46,30,520,100,46,30,420,100,46,30,320,100,46,30,220,100,46,30,120,100,46,30,20,100,46,30,-80,100,46,30
35,35.0,0.0,5000.0,850,4180,46,30,750,100,46,30,650,100,46,30,550,100,46,30,450,100,46,30,350,100,46,30,250,100,46,30,150,100,46,30,50,100,46,30,-50,100,46,30
36,36.0,0.0,5000.0,880,4150,46,30,780,100,46,30,680,100,46,30,580,100,46,30,480,100,46,30,380,100,46,30,280,100,46,30,180,100,46,30,80,100,46,30,-20,100,46,30
37,37.0,0.0,5000.0,910,4120,46,30,810,100,46,30,710,100,46,30,610,100,46,30,510,100,46,30,410,100,46,30,310,100,46,30,210,100,46,30,110,100,46,30,10,100,46,30
38,38.0,0.0,5000.0,940,4090,46,30,840,100,46,30,740,100,46,30,640,100,46,30,540,100,46,30,440,100,46,30,340,100,46,30,240,100,46,30,140,100,46,30,40,100,46,30
39,39.0,0.0,5000.0,970,4060,46,30,870,100,46,30,770,100,46,30,670,100,46,30,570,100,46,30,470,100,46,30,370,100,46,30,270,100,46,30,170,100,46,30,70,100,46,30
40,40.0,0.0,5000.0,1000,4030,46,30,900,100,46,30,800,100,46,30,700,100,46,30,600,100,46,30,500,100,46,30,400,100,46,30,300,100,46,30,200,100,46,30,100,100,46,30
41,41.0,0.0,5000.0,1030,4000,46,30,930,100,46,30,830,100,46,30,730,100,46,30,630,100,46,30,530,100,46,30,430,100,46,30,330,100,46,30,230,100,46,30,130,100,46,30
42,42.0,0.0,5000.0,1060,3970,46,30,960,100,46,30,860,100,46,30,760,100,46,30,660,100,46,30,560,100,46,30,460,100,46,30,360,100,46,30,260,100,46,30,160,100,46,30
43,43.0,0.0,5000.0,1090,3940,46,30,990,100,46,30,890,100,46,30,790,100,46,30,690,100,46,30,590,100,46,30,490,100,46,30,390,100,46,30,290,100,46,30,190,100,46,30
44,44.0,0.0,5000.0,1120,3910,46,30,1020,100,46,30,920,100,46,30,820,100,46,30,720,100,46,30,620,100,46,30,520,100,46,30,420,100,46,30,320,100,46,30,220,100,46,30
45,45.0,0.0,5000.0,1150,3880,46,30,1050,100,46,30,950,100,46,30,850,100,46,30,750,100,46,30,650,100,46,30,550,100,46,30,450,100,46,30,350,100,46,30,250,100,46,30
46,46.0,0.0,5000.0,1180,3850,46,30,1080,100,46,30,980,100,46,30,880,100,46,30,780,100,46,30,680,100,46,30,580,100,46,30,480,100,46,30,380,100,46,30,280,100,46,30
47,47.0,0.0,5000.0,1210,3820,46,30,1110,100,46,30,1010,100,46,30,910,100,46,30,810,100,46,30,710,100,46,30,610,100,46,30,510,100,46,30,410,100,46,30,310,100,46,30
48,48.0,0.0,5000.0,1240,3790,46,30,1140,100,46,30,1040,100,46,30,940,100,46,30,840,100,46,30,740,100,46,30,640,100,46,30,540,100,46,30,440,100,46,30,340,100,46,30
49,49.0,0.0,5000.0,1270,3760,46,30,1170,100,46,30,1070,100,46,30,970,100,46,30,870,100,46,30,770,100,46,30,670,100,46,30,570,100,46,30,470,100,46,30,370,100,46,30
50,50.0,0.0,5000.0,1300,3730,46,30,1200,100,46,30,1100,100,46,30,1000,100,46,30,900,100,46,30,800,100,46,30,700,100,46,30,600,100,46,30,500,100,46,30,400,100,46,30
51,51.0,0.0,5000.0,1330,3700,46,30,1230,100,46,30,1130,100,46,30,1030,100,46,30,930,100,46,30,830,100,46,30,730,100,46,30,630,100,46,30,530,100,46,30,430,100,46,30
52,52.0,0.0,5000.0,1360,3670,46,30,1260,100,46,30,1160,100,46,30,1060,100,46,30,960,100,46,30,860,100,46,30,760,100,46,30,660,100,46,30,560,100,46,30,460,100,46,30
53,53.0,0.0,5000.0,1390,3640,46,30,1290,100,46,30,1190,100,46,30,1090,100,46,30,990,100,46,30,890,100,46,30,790,100,46,30,690,100,46,30,590,100,46,30,490,100,46,30
54,54.0,0.0,5000.0,1420,3610,46,30,1320,100,46,30,1220,100,46,30,1120,100,46,30,1020,100,46,30,920,100,46,30,820,100,46,30,720,100,46,30,620,100,46,30,520,100,46,30
55,55.0,0.0,5000.0,1450,3580,46,30,1350,100,46,30,1250,100,46,30,1150,100,46,30,1050,100,46,30,950,100,46,30,850,100,46,30,750,100,46,30,650,100,46,30,550,100,46,30
56,56.0,0.0,5000.0,1480,3550,46,30,1380,100,46,30,1280,100,46,30,1180,100,46,30,1080,100,46,30,980,100,46,30,880,100,46,30,780,100,46,30,680,100,46,30,580,100,46,30
57,57.0,0.0,5000.0,1510,3520,46,30,1410,100,46,30,1310,100,46,30,1210,100,46,30,1110,100,46,30,1010,100,46,30,910,100,46,30,810,100,46,30,710,100,46,30,610,100,46,30
58,58.0,0.0,5000.0,1540,3490,46,30,1440,100,46,30,1340,100,46,30,1240,100,46,30,1140,100,46,30,1040,100,46,30,940,100,46,30,840,100,46,30,740,100,46,30,640,100,46,30
59,59.0,0.0,5000.0,1570,3460,46,30,1470,100,46,30,1370,100,46,30,1270,100,46,30,1170,100,46,30,1070,100,46,30,970,100,46,30,870,100,46,30,770,100,46,30,670,100,46,30
60,60.0,0.0,5000.0,1600,3430,46,30,1500,100,46,30,1400,100,46,30,1300,100,46,30,1200,100,46,30,1100,100,46,30,1000,100,46,30,900,100,46,30,800,100,46,30,700,100,46,30
61,61.0,0.0,5000.0,1630,3400,46,30,1530,100,46,30,1430,100,46,30,1330,100,46,30,1230,100,46,30,1130,100,46,30,1030,100,46,30,930,100,46,30,830,100,46,30,730,100,46,30
62,62.0,0.0,5000.0,1660,3370,46,30,1560,100,46,30,1460,100,46,30,1360,100,46,30,1260,100,46,30,1160,100,46,30,1060,100,46,30,960,100,46,30,860,100,46,30,760,100,46,30
63,63.0,0.0,5000.0,1690,3340,46,30,1590,100,46,30,1490,100,46,30,1390,100,46,30,1290,100,46,30,1190,100,46,30,1090,100,46,30,990,100,46,30,890,100,46,30,790,100,46,30
64,64.0,0.0,5000.0,1720,3310,46,30,1620,100,46,30,1520,100,46,30,1420,100,46,30,1320,100,46,30,1220,100,46,30,1120,100,46,30,1020,100,46,30,920,100,46,30,820,100,46,30
65,65.0,0.0,5000.0,1750,3280,46,30,1650,100,46,30,1550,100,46,30,1450,100,46,30,1350,100,46,30,1250,100,46,30,1150,100,46,30,1050,100,46,30,950,100,46,30,850,100,46,30
66,66.0,0.0,5000.0,1780,3250,46,30,1680,100,46,30,1580,100,46,30,1480,100,46,30,1380,100,46,30,1280,100,46,30,1180,100,46,30,1080,100,46,30,980,100,46,30,880,100,46,30
67,67.0,0.0,5000.0,1810,3220,46,30,1710,100,46,30,1610,100,46,30,1510,100,46,30,1410,100,46,30,1310,100,46,30,1210,100,46,30,1110,100,46,30,1010,100,46,30,910,100,46,30
68,68.0,0.0,5000.0,1840,3190,46,30,1740,100,46,30,1640,100,46,30,1540,100,46,30,1440,100,46,30,1340,100,46,30,1240,100,46,30,1140,100,46,30,1040,100,46,30,940,100,46,30
69,69.0,0.0,5000.0,1870,3160,46,30,1770,100,46,30,1670,100,46,30,1570,100,46,30,1470,100,46,30,1370,100,46,30,1270,100,46,30,1170,100,46,30,1070,100,46,30,970,100,46,30
70,70.0,0.0,5000.0,1900,3130,46,30,1800,100,46,30,1700,100,46,30,1600,100,46,30,1500,100,46,30,1400,100,46,30,1300,100,46,30,1200,100,46,30,1100,100,46,30,1000,100,46,30
71,71.0,0.0,5000.0,1930,3100,46,30,1830,100,46,30,1730,100,46,30,1630,100,46,30,1530,100,46,30,1430,100,46,30,1330,100,46,30,1230,100,46,30,1130,100,46,30,1030,100,46,30
72,72.0,0.0,5000.0,1960,3070,46,30,1860,100,46,30,1760,100,46,30,1660,100,46,30,1560,100,46,30,1460,100,46,30,1360,100,46,30,1260,100,46,30,1160,100,46,30,1060,100,46,30
73,73.0,0.0,5000.0,1990,3040,46,30,1890,100,46,30,1790,100,46,30,1690,100,46,30,1590,100,46,30,1490,100,46,30,1390,100,46,30,1290,100,46,30,1190,100,46,30,1090,100,46,30
74,74.0,0.0,5000.0,2020,3010,46,30,1920,100,46,30,1820,100,46,30,1720,100,46,30,1620,100,46,30,1520,100,46,30,1420,100,46,30,1320,100,46,30,1220,100,46,30,1120,100,46,30
75,75.0,0.0,5000.0,2050,2980,46,30,1950,100,46,30,1850,100,46,30,1750,100,46,30,1650,100,46,30,1550,100,46,30,1450,100,46,30,1350,100,46,30,1250,100,46,30,1150,100,46,30
76,76.0,0.0,5000.0,2080,2950,46,30,1980,100,46,30,1880,100,46,30,1780,100,46,30,1680,100,46,30,1580,100,46,30,1480,100,46,30,1380,100,46,30,1280,100,46,30,1180,100,46,30
77,77.0,0.0,5000.0,2110,2920,46,30,2010,100,46,30,1910,100,46,30,1810,100,46,30,1710,100,46,30,1610,100,46,30,1510,100,46,30,1410,100,46,30,1310,100,46,30,1210,100,46,30
78,78.0,0.0,5000.0,2140,2890,46,30,2040,100,46,30,1940,100,46,30,1840,100,46,30,1740,100,46,30,1640,100,46,30,1540,100,46,30,1440,100,46,30,1340,100,46,30,1240,100,46,30
79,79.0,0.0,5000.0,2170,2860,46,30,2070,100,46,30,1970,100,46,30,1870,100,46,30,1770,100,46,30,1670,100,46,30,1570,100,46,30,1470,100,46,30,1370,100,46,30,1270,100,46,30
80,80.0,0.0,5000.0,2200,2830,46,30,2100,100,46,30,2000,100,46,30,1900,100,46,30,1800,100,46,30,1700,100,46,30,1600,100,46,30,1500,100,46,30,1400,100,46,30,1300,100,46,30
81,81.0,0.0,5000.0,2230,2800,46,30,2130,100,46,30,2030,100,46,30,1930,100,46,30,1830,100,46,30,1730,100,46,30,1630,100,46,30,1530,100,46,30,1430,100,46,30,1330,100,46,30
82,82.0,0.0,5000.0,2260,2770,46,30,2160,100,46,30,2060,100,46,30,1960,100,46,30,1860,100,46,30,1760,100,46,30,1660,100,46,30,1560,100,46,30,1460,100,46,30,1360,100,46,30
83,83.0,0.0,5000.0,2290,2740,46,30,2190,100,46,30,2090,100,46,30,1990,100,46,30,1890,100,46,30,1790,100,46,30,1690,100,46,30,1590,100,46,30,1490,100,46,30,1390,100,46,30
84,84.0,0.0,5000.0,2320,2710,46,30,2220,100,46,30,2120,100,46,30,2020,100,46,30,1920,100,46,30,1820,100,46,30,1720,100,46,30,1620,100,46,30,1520,100,46,30,1420,100,46,30
85,85.0,0.0,5000.0,2350,2680,46,30,2250,100,46,30,2150,100,46,30,2050,100,46,30,1950,100,46,30,1850,100,46,30,1750,100,46,30,1650,100,46,30,1550,100,46,30,1450,100,46,30
86,86.0,0.0,5000.0,2380,2650,46,30,2280,100,46,30,2180,100,46,30,2080,100,46,30,1980,100,46,30,1880,100,46,30,1780,100,46,30,1680,100,46,30,1580,100,46,30,1480,100,46,30
87,87.0,0.0,5000.0,2410,2620,46,30,2310,100,46,30,2210,100,46,30,2110,100,46,30,2010,100,46,30,1910,100,46,30,1810,100,46,30,1710,100,46,30,1610,100,46,30,1510,100,46,30
88,88.0,0.0,5000.0,2440,2590,46,30,2340,100,46,30,2240,100,46,30,2140,100,46,30,2040,100,46,30,1940,100,46,30,1840,100,46,30,1740,100,46,30,1640,100,46,30,1540,100,46,30
89,89.0,0.0,5000.0,2470,2560,46,30,2370,100,46,30,2270,100,46,30,2170,100,46,30,2070,100,46,30,1970,100,46,30,1870,100,46,30,1770,100,46,30,1670,100,46,30,1570,100,46,30
90,90.0,0.0,5000.0,2500,2530,46,30,2400,100,46,30,2300,100,46,30,2200,100,46,30,2100,100,46,30,2000,100,46,30,1900,100,46,30,1800,100,46,30,1700,100,46,30,1600,100,46,30
91,91.0,0.0,5000.0,2530,2500,46,30,2430,100,46,30,2330,100,46,30,2230,100,46,30,2130,100,46,30,2030,100,46,30,1930,100,46,30,1830,100,46,30,1730,100,46,30,1630,100,46,30
92,92.0,0.0,5000.0,2560,2470,46,30,2460,100,46,30,2360,100,46,30,2260,100,46,30,2160,100,46,30,2060,100,46,30,1960,100,46,30,1860,100,46,30,1760,100,46,30,1660,100,46,30
93,93.0,0.0,5000.0,2590,2440,46,30,2490,100,46,30,2390,100,46,30,2290,100,46,30,2190,100,46,30,2090,100,46,30,1990,100,46,30,1890,100,46,30,1790,100,46,30,1690,100,46,30
94,94.0,0.0,5000.0,2620,2410,46,30,2520,100,46,30,2420,100,46,30,2320,100,46,30,2220,100,46,30,2120,100,46,30,2020,100,46,30,1920,100,46,30,1820,100,46,30,1720,100,46,30
95,95.0,0.0,5000.0,2650,2380,46,30,2550,100,46,30,2450,100,46,30,2350,100,46,30,2250,100,46,30,2150,100,46,30,2050,100,46,30,1950,100,46,30,1850,100,46,30,1750,100,46,30
96,96.0,0.0,5000.0,2680,2350,46,30,2580,100,46,30,2480,100,46,30,2380,100,46,30,2280,100,46,30,2180,100,46,30,2080,100,46,30,1980,100,46,30,1880,100,46,30,1780,100,46,30
97,97.0,0.0,5000.0,2710,2320,46,30,2610,100,46,30,2510,100,46,30,2410,100,46,30,2310,100,46,30,2210,100,46,30,2110,100,46,30,2010,100,46,30,1910,100,46,30,1810,100,46,30
98,98.0,0.0,5000.0,2740,2290,46,30,2640,100,46,30,2540,100,46,30,2440,100,46,30,2340,100,46,30,2240,100,46,30,2140,100,46,30,2040,100,46,30,1940,100,46,30,1840,100,46,30
99,99.0,0.0,5000.0,2770,2260,46,30,2670,100,46,30,2570,100,46,30,2470,100,46,30,2370,100,46,30,2270,100,46,30,2170,100,46,30,2070,100,46,30,1970,100,46,30,1870,100,46,30
100,100.0,24.0,2810.0,2800,2230,46,30,2700,100,46,30,2600,100,46,30,2500,100,46,30,2400,100,46,30,2300,100,46,30,2200,100,46,30,2100,100,46,30,2000,100,46,30,1900,100,46,30
101,101.0,24.0,2834.0,2824,10,46,24,2730,100,46,30,2630,100,46,30,2530,100,46,30,2430,100,46,30,2330,100,46,30,2230,100,46,30,2130,100,46,30,2030,100,46,30,1930,100,46,30
102,102.0,24.0,2858.0,2842,10,38,18,2760,94,46,30,2660,100,46,30,2560,100,46,30,2460,100,46,30,2360,100,46,30,2260,100,46,30,2160,100,46,30,2060,100,46,30,1960,100,46,30
103,103.0,24.0,2882.0,2854,16,30,12,2790,82,46,30,2690,100,46,30,2590,100,46,30,2490,100,46,30,2390,100,46,30,2290,100,46,30,2190,100,46,30,2090,100,46,30,1990,100,46,30
104,104.0,24.0,2906.0,2870,28,22,16,2820,64,46,30,2720,100,46,30,2620,100,46,30,2520,100,46,30,2420,100,46,30,2320,100,46,30,2220,100,46,30,2120,100,46,30,2020,100,46,30
105,105.0,24.0,2930.0,2890,36,27,20,2850,50,46,30,2750,100,46,30,2650,100,46,30,2550,100,46,30,2450,100,46,30,2350,100,46,30,2250,100,46,30,2150,100,46,30,2050,100,46,30
106,106.0,24.0,2954.0,2914,40,32,24,2874,40,46,24,2780,100,46,30,2680,100,46,30,2580,100,46,30,2480,100,46,30,2380,100,46,30,2280,100,46,30,2180,100,46,30,2080,100,46,30
107,107.0,24.0,2978.0,2942,40,38,28,2902,40,38,28,2810,94,46,30,2710,100,46,30,2610,100,46,30,2510,100,46,30,2410,100,46,30,2310,100,46,30,2210,100,46,30,2110,100,46,30
108,108.0,24.0,3002.0,2964,36,43,22,2924,40,43,22,2840,92,46,30,2740,100,46,30,2640,100,46,30,2540,100,46,30,2440,100,46,30,2340,100,46,30,2240,100,46,30,2140,100,46,30
109,109.0,24.0,3026.0,2990,38,35,26,2950,40,35,26,2870,84,46,30,2770,100,46,30,2670,100,46,30,2570,100,46,30,2470,100,46,30,2370,100,46,30,2270,100,46,30,2170,100,46,30
110,110.0,24.0,3050.0,3010,36,40,20,2980,40,40,30,2900,80,46,30,2800,100,46,30,2700,100,46,30,2600,100,46,30,2500,100,46,30,2400,100,46,30,2300,100,46,30,2200,100,46,30
111,111.0,24.0,3074.0,3034,40,32,24,3004,30,46,24,2930,80,46,30,2830,100,46,30,2730,100,46,30,2630,100,46,30,2530,100,46,30,2430,100,46,30,2330,100,46,30,2230,100,46,30
112,112.0,24.0,3098.0,3062,40,38,28,3022,30,38,18,2960,74,46,30,2860,100,46,30,2760,100,46,30,2660,100,46,30,2560,100,46,30,2460,100,46,30,2360,100,46,30,2260,100,46,30
113,113.0,24.0,3122.0,3084,36,43,22,3044,40,30,22,2990,62,46,30,2890,100,46,30,2790,100,46,30,2690,100,46,30,2590,100,46,30,2490,100,46,30,2390,100,46,30,2290,100,46,30
114,114.0,24.0,3146.0,3110,38,35,26,3070,40,35,26,3020,54,46,30,2920,100,46,30,2820,100,46,30,2720,100,46,30,2620,100,46,30,2520,100,46,30,2420,100,46,30,2320,100,46,30
115,115.0,24.0,3170.0,3130,36,40,20,3100,40,40,30,3050,50,46,30,2950,100,46,30,2850,100,46,30,2750,100,46,30,2650,100,46,30,2550,100,46,30,2450,100,46,30,2350,100,46,30
116,116.0,24.0,3194.0,3154,40,32,24,3124,30,46,24,3080,50,46,30,2980,100,46,30,2880,100,46,30,2780,100,46,30,2680,100,46,30,2580,100,46,30,2480,100,46,30,2380,100,46,30
117,117.0,24.0,3218.0,3182,40,38,28,3142,30,38,18,3104,44,46,24,3010,100,46,30,2910,100,46,30,2810,100,46,30,2710,100,46,30,2610,100,46,30,2510,100,46,30,2410,100,46,30
118,118.0,24.0,3242.0,3204,36,43,22,3164,40,30,22,3132,38,38,28,3040,94,46,30,2940,100,46,30,2840,100,46,30,2740,100,46,30,2640,100,46,30,2540,100,46,30,2440,100,46,30
119,119.0,24.0,3266.0,3230,38,35,26,3190,40,35,26,3154,32,43,22,3070,92,46,30,2970,100,46,30,2870,100,46,30,2770,100,46,30,2670,100,46,30,2570,100,46,30,2470,100,46,30
120,120.0,24.0,3290.0,3250,36,40,20,3220,40,40,30,3180,36,35,26,3100,84,46,30,3000,100,46,30,2900,100,46,30,2800,100,46,30,2700,100,46,30,2600,100,46,30,2500,100,46,30
121,121.0,24.0,3314.0,3274,40,32,24,3244,30,46,24,3210,40,40,30,3130,80,46,30,3030,100,46,30,2930,100,46,30,2830,100,46,30,2730,100,46,30,2630,100,46,30,2530,100,46,30
122,122.0,24.0,3338.0,3302,40,38,28,3262,30,38,18,3234,34,46,24,3160,80,46,30,3060,100,46,30,2960,100,46,30,2860,100,46,30,2760,100,46,30,2660,100,46,30,2560,100,46,30
123,123.0,24.0,3362.0,3324,36,43,22,3284,40,30,22,3252,28,38,18,3190,74,46,30,3090,100,46,30,2990,100,46,30,2890,100,46,30,2790,100,46,30,2690,100,46,30,2590,100,46,30
124,124.0,24.0,3386.0,3350,38,35,26,3310,40,35,26,3274,32,30,22,3220,62,46,30,3120,100,46,30,3020,100,46,30,2920,100,46,30,2820,100,46,30,2720,100,46,30,2620,100,46,30
125,125.0,24.0,3410.0,3370,36,40,20,3340,40,40,30,3300,36,35,26,3250,54,46,30,3150,100,46,30,3050,100,46,30,2950,100,46,30,2850,100,46,30,2750,100,46,30,2650,100,46,30
126,126.0,24.0,3434.0,3394,40,32,24,3364,30,46,24,3330,40,40,30,3280,50,46,30,3180,100,46,30,3080,100,46,30,2980,100,46,30,2880,100,46,30,2780,100,46,30,2680,100,46,30
127,127.0,24.0,3458.0,3422,40,38,28,3382,30,38,18,3354,34,46,24,3310,50,46,30,3210,100,46,30,3110,100,46,30,3010,100,46,30,2910,100,46,30,2810,100,46,30,2710,100,46,30
128,128.0,24.0,3482.0,3444,36,43,22,3404,40,30,22,3372,28,38,18,3334,44,46,24,3240,100,46,30,3140,100,46,30,3040,100,46,30,2940,100,46,30,2840,100,46,30,2740,100,46,30
129,129.0,24.0,3506.0,3470,38,35,26,3430,40,35,26,3394,32,30,22,3362,38,38,28,3270,94,46,30,3170,100,46,30,3070,100,46,30,2970,100,46,30,2870,100,46,30,2770,100,46,30
130,130.0,24.0,3530.0,3490,36,40,20,3460,40,40,30,3420,36,35,26,3384,32,43,22,3300,92,46,30,3200,100,46,30,3100,100,46,30,3000,100,46,30,2900,100,46,30,2800,100,46,30
131,131.0,24.0,3554.0,3514,40,32,24,3484,30,46,24,3450,40,40,30,3410,36,35,26,3330,84,46,30,3230,100,46,30,3130,100,46,30,3030,100,46,30,2930,100,46,30,2830,100,46,30
132,132.0,24.0,3578.0,3542,40,38,28,3502,30,38,18,3474,34,46,24,3440,40,40,30,3360,80,46,30,3260,100,46,30,3160,100,46,30,3060,100,46,30,2960,100,46,30,2860,100,46,30
133,133.0,24.0,3602.0,3564,36,43,22,3524,40,30,22,3492,28,38,18,3464,34,46,24,3390,80,46,30,3290,100,46,30,3190,100,46,30,3090,100,46,30,2990,100,46,30,2890,100,46,30
134,134.0,24.0,3626.0,3590,38,35,26,3550,40,35,26,3514,32,30,22,3482,28,38,18,3420,74,46,30,3320,100,46,30,3220,100,46,30,3120,100,46,30,3020,100,46,30,2920,100,46,30
135,135.0,24.0,3650.0,3610,36,40,20,3580,40,40,30,3540,36,35,26,3504,32,30,22,3450,62,46,30,3350,100,46,30,3250,100,46,30,3150,100,46,30,3050,100,46,30,2950,100,46,30
136,136.0,24.0,3674.0,3634,40,32,24,3604,30,46,24,3570,40,40,30,3530,36,35,26,3480,54,46,30,3380,100,46,30,3280,100,46,30,3180,100,46,30,3080,100,46,30,2980,100,46,30
137,137.0,24.0,3698.0,3662,40,38,28,3622,30,38,18,3594,34,46,24,3560,40,40,30,3510,50,46,30,3410,100,46,30,3310,100,46,30,3210,100,46,30,3110,100,46,30,3010,100,46,30
138,138.0,24.0,3722.0,3684,36,43,22,3644,40,30,22,3612,28,38,18,3584,34,46,24,3540,50,46,30,3440,100,46,30,3340,100,46,30,3240,100,46,30,3140,100,46,30,3040,100,46,30
139,139.0,24.0,3746.0,3710,38,35,26,3670,40,35,26,3634,32,30,22,3602,28,38,18,3564,44,46,24,3470,100,46,30,3370,100,46,30,3270,100,46,30,3170,100,46,30,3070,100,46,30
140,140.0,24.0,3770.0,3730,36,40,20,3700,40,40,30,3660,36,35,26,3624,32,30,22,3592,38,38,28,3500,94,46,30,3400,100,46,30,3300,100,46,30,3200,100,46,30,3100,100,46,30
141,141.0,24.0,3794.0,3754,40,32,24,3724,30,46,24,3690,40,40,30,3650,36,35,26,3614,32,43,22,3530,92,46,30,3430,100,46,30,3330,100,46,30,3230,100,46,30,3130,100,46,30
142,142.0,24.0,3818.0,3782,40,38,28,3742,30,38,18,3714,34,46,24,3680,40,40,30,3640,36,35,26,3560,84,46,30,3460,100,46,30,3360,100,46,30,3260,100,46,30,3160,100,46,30
143,143.0,24.0,3842.0,3804,36,43,22,3764,40,30,22,3732,28,38,18,3704,34,46,24,3670,40,40,30,3590,80,46,30,3490,100,46,30,3390,100,46,30,3290,100,46,30,3190,100,46,30
144,144.0,24.0,3866.0,3830,38,35,26,3790,40,35,26,3754,32,30,22,3722,28,38,18,3694,34,46,24,3620,80,46,30,3520,100,46,30,3420,100,46,30,3320,100,46,30,3220,100,46,30
145,145.0,24.0,3890.0,3850,36,40,20,3820,40,40,30,3780,36,35,26,3744,32,30,22,3712,28,38,18,3650,74,46,30,3550,100,46,30,3450,100,46,30,3350,100,46,30,3250,100,46,30
146,146.0,24.0,3914.0,3874,40,32,24,3844,30,46,24,3810,40,40,30,3770,36,35,26,3734,32,30,22,3680,62,46,30,3580,100,46,30,3480,100,46,30,3380,100,46,30,3280,100,46,30
147,147.0,24.0,3938.0,3902,40,38,28,3862,30,38,18,3834,34,46,24,3800,40,40,30,3760,36,35,26,3710,54,46,30,3610,100,46,30,3510,100,46,30,3410,100,46,30,3310,100,46,30
148,148.0,24.0,3962.0,3924,36,43,22,3884,40,30,22,3852,28,38,18,3824,34,46,24,3790,40,40,30,3740,50,46,30,3640,100,46,30,3540,100,46,30,3440,100,46,30,3340,100,46,30
149,149.0,24.0,3986.0,3950,38,35,26,3910,40,35,26,3874,32,30,22,3842,28,38,18,3814,34,46,24,3770,50,46,30,3670,100,46,30,3570,100,46,30,3470,100,46,30,3370,100,46,30
150,150.0,24.0,4010.0,3970,36,40,20,3940,40,40,30,3900,36,35,26,3864,32,30,22,3832,28,38,18,3794,44,46,24,3700,100,46,30,3600,100,46,30,3500,100,46,30,3400,100,46,30
151,151.0,24.0,4034.0,3994,40,32,24,3964,30,46,24,3930,40,40,30,3890,36,35,26,3854,32,30,22,3822,38,38,28,3730,94,46,30,3630,100,46,30,3530,100,46,30,3430,100,46,30
152,152.0,24.0,4058.0,4022,40,38,28,3982,30,38,18,3954,34,46,24,3920,40,40,30,3880,36,35,26,3844,32,43,22,3760,92,46,30,3660,100,46,30,3560,100,46,30,3460,100,46,30
153,153.0,24.0,4082.0,4044,36,43,22,4004,40,30,22,3972,28,38,18,3944,34,46,24,3910,40,40,30,3870,36,35,26,3790,84,46,30,3690,100,46,30,3590,100,46,30,3490,100,46,30
154,154.0,24.0,4106.0,4070,38,35,26,4030,40,35,26,3994,32,30,22,3962,28,38,18,3934,34,46,24,3900,40,40,30,3820,80,46,30,3720,100,46,30,3620,100,46,30,3520,100,46,30
155,155.0,24.0,4130.0,4090,36,40,20,4060,40,40,30,4020,36,35,26,3984,32,30,22,3952,28,38,18,3924,34,46,24,3850,80,46,30,3750,100,46,30,3650,100,46,30,3550,100,46,30
156,156.0,24.0,4154.0,4114,40,32,24,4084,30,46,24,4050,40,40,30,4010,36,35,26,3974,32,30,22,3942,28,38,18,3880,74,46,30,3780,100,46,30,3680,100,46,30,3580,100,46,30
157,157.0,24.0,4178.0,4142,40,38,28,4102,30,38,18,4074,34,46,24,4040,40,40,30,4000,36,35,26,3964,32,30,22,3910,62,46,30,3810,100,46,30,3710,100,46,30,3610,100,46,30
158,158.0,24.0,4202.0,4164,36,43,22,4124,40,30,22,4092,28,38,18,4064,34,46,24,4030,40,40,30,3990,36,35,26,3940,54,46,30,3840,100,46,30,3740,100,46,30,3640,100,46,30
159,159.0,24.0,4226.0,4190,38,35,26,4150,40,35,26,4114,32,30,22,4082,28,38,18,4054,34,46,24,4020,40,40,30,3970,50,46,30,3870,100,46,30,3770,100,46,30,3670,100,46,30
160,160.0,24.0,4250.0,4210,36,40,20,4180,40,40,30,4140,36,35,26,4104,32,30,22,4072,28,38,18,4044,34,46,24,4000,50,46,30,3900,100,46,30,3800,100,46,30,3700,100,46,30
161,161.0,24.0,4274.0,4234,40,32,24,4204,30,46,24,4170,40,40,30,4130,36,35,26,4094,32,30,22,4062,28,38,18,4024,44,46,24,3930,100,46,30,3830,100,46,30,3730,100,46,30
162,162.0,24.0,4298.0,4262,40,38,28,4222,30,38,18,4194,34,46,24,4160,40,40,30,4120,36,35,26,4084,32,30,22,4052,38,38,28,3960,94,46,30,3860,100,46,30,3760,100,46,30
163,163.0,24.0,4322.0,4284,36,43,22,4244,40,30,22,4212,28,38,18,4184,34,46,24,4150,40,40,30,4110,36,35,26,4074,32,43,22,3990,92,46,30,3890,100,46,30,3790,100,46,30
164,164.0,24.0,4346.0,4310,38,35,26,4270,40,35,26,4234,32,30,22,4202,28,38,18,4174,34,46,24,4140,40,40,30,4100,36,35,26,4020,84,46,30,3920,100,46,30,3820,100,46,30
165,165.0,24.0,4370.0,4330,36,40,20,4300,40,40,30,4260,36,35,26,4224,32,30,22,4192,28,38,18,4164,34,46,24,4130,40,40,30,4050,80,46,30,3950,100,46,30,3850,100,46,30
166,166.0,24.0,4394.0,4354,40,32,24,4324,30,46,24,4290,40,40,30,4250,36,35,26,4214,32,30,22,4182,28,38,18,4154,34,46,24,4080,80,46,30,3980,100,46,30,3880,100,46,30
167,167.0,24.0,4418.0,4382,40,38,28,4342,30,38,18,4314,34,46,24,4280,40,40,30,4240,36,35,26,4204,32,30,22,4172,28,38,18,4110,74,46,30,4010,100,46,30,3910,100,46,30
168,168.0,24.0,4442.0,4404,36,43,22,4364,40,30,22,4332,28,38,18,4304,34,46,24,4270,40,40,30,4230,36,35,26,4194,32,30,22,4140,62,46,30,4040,100,46,30,3940,100,46,30
169,169.0,24.0,4466.0,4430,38,35,26,4390,40,35,26,4354,32,30,22,4322,28,38,18,4294,34,46,24,4260,40,40,30,4220,36,35,26,4170,54,46,30,4070,100,46,30,3970,100,46,30
170,170.0,24.0,4490.0,4450,36,40,20,4420,40,40,30,4380,36,35,26,4344,32,30,22,4312,28,38,18,4284,34,46,24,4250,40,40,30,4200,50,46,30,4100,100,46,30,4000,100,46,30
171,171.0,24.0,4514.0,4474,40,32,24,4444,30,46,24,4410,40,40,30,4370,36,35,26,4334,32,30,22,4302,28,38,18,4274,34,46,24,4230,50,46,30,4130,100,46,30,4030,100,46,30
172,172.0,24.0,4538.0,4502,40,38,28,4462,30,38,18,4434,34,46,24,4400,40,40,30,4360,36,35,26,4324,32,30,22,4292,28,38,18,4254,44,46,24,4160,100,46,30,4060,100,46,30
173,173.0,24.0,4562.0,4524,36,43,22,4484,40,30,22,4452,28,38,18,4424,34,46,24,4390,40,40,30,4350,36,35,26,4314,32,30,22,4282,38,38,28,4190,94,46,30,4090,100,46,30
174,174.0,24.0,4586.0,4550,38,35,26,4510,40,35,26,4474,32,30,22,4442,28,38,18,4414,34,46,24,4380,40,40,30,4340,36,35,26,4304,32,43,22,4220,92,46,30,4120,100,46,30
175,175.0,24.0,4610.0,4570,36,40,20,4540,40,40,30,4500,36,35,26,4464,32,30,22,4432,28,38,18,4404,34,46,24,4370,40,40,30,4330,36,35,26,4250,84,46,30,4150,100,46,30
176,176.0,24.0,4634.0,4594,40,32,24,4564,30,46,24,4530,40,40,30,4490,36,35,26,4454,32,30,22,4422,28,38,18,4394,34,46,24,4360,40,40,30,4280,80,46,30,4180,100,46,30
177,177.0,24.0,4658.0,4622,40,38,28,4582,30,38,18,4554,34,46,24,4520,40,40,30,4480,36,35,26,4444,32,30,22,4412,28,38,18,4384,34,46,24,4310,80,46,30,4210,100,46,30
178,178.0,24.0,4682.0,4644,36,43,22,4604,40,30,22,4572,28,38,18,4544,34,46,24,4510,40,40,30,4470,36,35,26,4434,32,30,22,4402,28,38,18,4340,74,46,30,4240,100,46,30
179,179.0,24.0,4706.0,4670,38,35,26,4630,40,35,26,4594,32,30,22,4562,28,38,18,4534,34,46,24,4500,40,40,30,4460,36,35,26,4424,32,30,22,4370,62,46,30,4270,100,46,30
180,180.0,24.0,4730.0,4690,36,40,20,4660,40,40,30,4620,36,35,26,4584,32,30,22,4552,28,38,18,4524,34,46,24,4490,40,40,30,4450,36,35,26,4400,54,46,30,4300,100,46,30
181,181.0,24.0,4754.0,4714,40,32,24,4684,30,46,24,4650,40,40,30,4610,36,35,26,4574,32,30,22,4542,28,38,18,4514,34,46,24,4480,40,40,30,4430,50,46,30,4330,100,46,30
182,182.0,24.0,4778.0,4742,40,38,28,4702,30,38,18,4674,34,46,24,4640,40,40,30,4600,36,35,26,4564,32,30,22,4532,28,38,18,4504,34,46,24,4460,50,46,30,4360,100,46,30
183,183.0,24.0,4802.0,4764,36,43,22,4724,40,30,22,4692,28,38,18,4664,34,46,24,4630,40,40,30,4590,36,35,26,4554,32,30,22,4522,28,38,18,4484,44,46,24,4390,100,46,30
184,184.0,24.0,4826.0,4790,38,35,26,4750,40,35,26,4714,32,30,22,4682,28,38,18,4654,34,46,24,4620,40,40,30,4580,36,35,26,4544,32,30,22,4512,38,38,28,4420,94,46,30
185,185.0,24.0,4850.0,4810,36,40,20,4780,40,40,30,4740,36,35,26,4704,32,30,22,4672,28,38,18,4644,34,46,24,4610,40,40,30,4570,36,35,26,4534,32,43,22,4450,92,46,30
186,186.0,24.0,4874.0,4834,40,32,24,4804,30,46,24,4770,40,40,30,4730,36,35,26,4694,32,30,22,4662,28,38,18,4634,34,46,24,4600,40,40,30,4560,36,35,26,4480,84,46,30
187,187.0,24.0,4898.0,4862,40,38,28,4822,30,38,18,4794,34,46,24,4760,40,40,30,4720,36,35,26,4684,32,30,22,4652,28,38,18,4624,34,46,24,4590,40,40,30,4510,80,46,30
188,188.0,24.0,4922.0,4884,36,43,22,4844,40,30,22,4812,28,38,18,4784,34,46,24,4750,40,40,30,4710,36,35,26,4674,32,30,22,4642,28,38,18,4614,34,46,24,4540,80,46,30
189,189.0,24.0,4946.0,4910,38,35,26,4870,40,35,26,4834,32,30,22,4802,28,38,18,4774,34,46,24,4740,40,40,30,4700,36,35,26,4664,32,30,22,4632,28,38,18,4570,74,46,30
190,190.0,24.0,4970.0,4930,36,40,20,4900,40,40,30,4860,36,35,26,4824,32,30,22,4792,28,38,18,4764,34,46,24,4730,40,40,30,4690,36,35,26,4654,32,30,22,4600,62,46,30
191,191.0,24.0,4994.0,4954,40,32,24,4924,30,46,24,4890,40,40,30,4850,36,35,26,4814,32,30,22,4782,28,38,18,4754,34,46,24,4720,40,40,30,4680,36,35,26,4630,54,46,30
192,192.0,24.0,5018.0,4982,40,38,28,4942,30,38,18,4914,34,46,24,4880,40,40,30,4840,36,35,26,4804,32,30,22,4772,28,38,18,4744,34,46,24,4710,40,40,30,4660,50,46,30
193,193.0,24.0,5042.0,5004,36,43,22,4964,40,30,22,4932,28,38,18,4904,34,46,24,4870,40,40,30,4830,36,35,26,4794,32,30,22,4762,28,38,18,4734,34,46,24,4690,50,46,30
194,194.0,24.0,5066.0,5030,38,35,26,4990,40,35,26,4954,32,30,22,4922,28,38,18,4894,34,46,24,4860,40,40,30,4820,36,35,26,4784,32,30,22,4752,28,38,18,4714,44,46,24
195,195.0,24.0,5090.0,5050,36,40,20,5020,40,40,30,4980,36,35,26,4944,32,30,22,4912,28,38,18,4884,34,46,24,4850,40,40,30,4810,36,35,26,4774,32,30,22,4742,38,38,28
196,196.0,24.0,5114.0,5074,40,32,24,5044,30,46,24,5010,40,40,30,4970,36,35,26,4934,32,30,22,4902,28,38,18,4874,34,46,24,4840,40,40,30,4800,36,35,26,4764,32,43,22
197,197.0,24.0,5138.0,5102,40,38,28,5062,30,38,18,5034,34,46,24,5000,40,40,30,4960,36,35,26,4924,32,30,22,4892,28,38,18,4864,34,46,24,4830,40,40,30,4790,36,35,26
198,198.0,24.0,5162.0,5124,36,43,22,5084,40,30,22,5052,28,38,18,5024,34,46,24,4990,40,40,30,4950,36,35,26,4914,32,30,22,4882,28,38,18,4854,34,46,24,4820,40,40,30
199,199.0,24.0,5186.0,5150,38,35,26,5110,40,35,26,5074,32,30,22,5042,28,38,18,5014,34,46,24,4980,40,40,30,4940,36,35,26,4904,32,30,22,4872,28,38,18,4844,34,46,24
200,200.0,21.0,5207.0,5170,36,40,20,5140,40,40,30,5100,36,35,26,5064,32,30,22,5032,28,38,18,5004,34,46,24,4970,40,40,30,4930,36,35,26,4894,32,30,22,4862,28,38,18
201,201.0,18.0,5225.0,5194,37,32,24,5164,30,46,24,5130,40,40,30,5090,36,35,26,5054,32,30,22,5022,28,38,18,4994,34,46,24,4960,40,40,30,4920,36,35,26,4884,32,30,22
202,202.0,15.0,5240.0,5212,31,38,18,5182,30,38,18,5154,34,46,24,5120,40,40,30,5080,36,35,26,5044,32,30,22,5012,28,38,18,4984,34,46,24,4950,40,40,30,4910,36,35,26
203,203.0,12.0,5252.0,5224,28,30,12,5204,30,30,22,5172,28,38,18,5144,34,46,24,5110,40,40,30,5070,36,35,26,5034,32,30,22,5002,28,38,18,4974,34,46,24,4940,40,40,30
204,204.0,9.0,5261.0,5240,28,22,16,5220,20,35,16,5194,32,30,22,5162,28,38,18,5134,34,46,24,5100,40,40,30,5060,36,35,26,5024,32,30,22,4992,28,38,18,4964,34,46,24
205,205.0,6.0,5267.0,5250,21,27,10,5230,20,27,10,5210,26,35,16,5184,32,30,22,5152,28,38,18,5124,34,46,24,5090,40,40,30,5050,36,35,26,5014,32,30,22,4982,28,38,18
206,206.0,3.0,5270.0,5254,17,19,4,5244,20,19,14,5220,20,27,10,5200,26,35,16,5174,32,30,22,5142,28,38,18,5114,34,46,24,5080,40,40,30,5040,36,35,26,5004,32,30,22
207,207.0,0.0,5270.0,5262,16,11,8,5252,10,24,8,5234,24,19,14,5210,20,27,10,5190,26,35,16,5164,32,30,22,5132,28,38,18,5104,34,46,24,5070,40,40,30,5030,36,35,26
208,208.0,0.0,5270.0,5264,8,16,2,5254,10,16,2,5242,18,24,8,5224,24,19,14,5200,20,27,10,5180,26,35,16,5154,32,30,22,5122,28,38,18,5094,34,46,24,5060,40,40,30
209,209.0,0.0,5270.0,5264,6,8,0,5260,10,8,6,5244,12,16,2,5232,18,24,8,5214,24,19,14,5190,20,27,10,5170,26,35,16,5144,32,30,22,5112,28,38,18,5084,34,46,24
210,210.0,0.0,5270.0,5268,6,6,4,5260,4,14,0,5250,16,8,6,5234,12,16,2,5222,18,24,8,5204,24,19,14,5180,20,27,10,5160,26,35,16,5134,32,30,22,5102,28,38,18
211,211.0,0.0,5270.0,5268,2,11,0,5264,8,6,4,5250,10,14,0,5240,16,8,6,5224,12,16,2,5212,18,24,8,5194,24,19,14,5170,20,27,10,5150,26,35,16,5124,32,30,22
212,212.0,0.0,5270.0,5268,2,6,0,5264,4,11,0,5254,14,6,4,5240,10,14,0,5230,16,8,6,5214,12,16,2,5202,18,24,8,5184,24,19,14,5160,20,27,10,5140,26,35,16
213,213.0,0.0,5270.0,5268,2,6,0,5264,4,6,0,5254,10,11,0,5244,14,6,4,5230,10,14,0,5220,16,8,6,5204,12,16,2,5192,18,24,8,5174,24,19,14,5150,20,27,10
214,214.0,0.0,5270.0,5268,2,6,0,5264,4,6,0,5258,10,6,4,5244,10,11,0,5234,14,6,4,5220,10,14,0,5210,16,8,6,5194,12,16,2,5182,18,24,8,5164,24,19,14
215,215.0,0.0,5270.0,5268,2,6,0,5264,4,6,0,5258,6,11,0,5248,14,6,4,5234,10,11,0,5224,14,6,4,5210,10,14,0,5200,16,8,6,5184,12,16,2,5172,18,24,8
216,216.0,0.0,5270.0,5268,2,6,0,5264,4,6,0,5262,6,6,4,5248,10,11,0,5238,14,6,4,5224,10,11,0,5214,14,6,4,5200,10,14,0,5190,16,8,6,5174,12,16,2
217,217.0,0.0,5270.0,5268,2,6,0,5264,4,6,0,5262,2,11,0,5252,14,6,4,5238,10,11,0,5228,14,6,4,5214,10,11,0,5204,14,6,4,5190,10,14,0,5180,16,8,6
218,218.0,0.0,5270.0,5268,2,6,0,5264,4,6,0,5262,2,6,0,5252,10,11,0,5242,14,6,4,5228,10,11,0,5218,14,6,4,5204,10,11,0,5194,14,6,4,5180,10,14,0
219,219.0,0.0,5270.0,5268,2,6,0,5264,4,6,0,5262,2,6,0,5256,10,6,4,5242,10,11,0,5232,14,6,4,5218,10,11,0,5208,14,6,4,5194,10,11,0,5184,14,6,4
220,220.0,0.0,5270.0,5268,2,6,0,5264,4,6,0,5262,2,6,0,5256,6,11,0,5246,14,6,4,5232,10,11,0,5222,14,6,4,5208,10,11,0,5198,14,6,4,5184,10,11,0
221,221.0,0.0,5270.0,5268,2,6,0,5264,4,6,0,5262,2,6,0,5260,6,6,4,5246,10,11,0,5236,14,6,4,5222,10,11,0,5212,14,6,4,5198,10,11,0,5188,14,6,4
222,222.0,0.0,5270.0,5268,2,6,0,5264,4,6,0,5262,2,6,0,5260,2,11,0,5250,14,6,4,5236,10,11,0,5226,14,6,4,5212,10,11,0,5202,14,6,4,5188,10,11,0
223,223.0,0.0,5270.0,5268,2,6,0,5264,4,6,0,5262,2,6,0,5260,2,6,0,5250,10,11,0,5240,14,6,4,5226,10,11,0,5216,14,6,4,5202,10,11,0,5192,14,6,4
224,224.0,0.0,5270.0,5268,2,6,0,5264,4,6,0,5262,2,6,0,5260,2,6,0,5254,10,6,4,5240,10,11,0,5230,14,6,4,5216,10,11,0,5206,14,6,4,5192,10,11,0
225,225.0,0.0,5270.0,5268,2,6,0,5264,4,6,0,5262,2,6,0,5260,2,6,0,5254,6,11,0,5244,14,6,4,5230,10,11,0,5220,14,6,4,5206,10,11,0,5196,14,6,4
226,226.0,0.0,5270.0,5268,2,6,0,5264,4,6,0,5262,2,6,0,5260,2,6,0,5258,6,6,4,5244,10,11,0,5234,14,6,4,5220,10,11,0,5210,14,6,4,5196,10,11,0
227,227.0,0.0,5270.0,5268,2,6,0,5264,4,6,0,5262,2,6,0,5260,2,6,0,5258,2,11,0,5248,14,6,4,5234,10,11,0,5224,14,6,4,5210,10,11,0,5200,14,6,4
228,228.0,0.0,5270.0,5268,2,6,0,5264,4,6,0,5262,2,6,0,5260,2,6,0,5258,2,6,0,5248,10,11,0,5238,14,6,4,5224,10,11,0,5214,14,6,4,5200,10,11,0
229,229.0,0.0,5270.0,5268,2,6,0,5264,4,6,0,5262,2,6,0,5260,2,6,0,5258,2,6,0,5252,10,6,4,5238,10,11,0,5228,14,6,4,5214,10,11,0,5204,14,6,4
230,230.0,0.0,5270.0,5268,2,6,0,5264,4,6,0,5262,2,6,0,5260,2,6,0,5258,2,6,0,5252,6,11,0,5242,14,6,4,5228,10,11,0,5218,14,6,4,5204,10,11,0
231,231.0,0.0,5270.0,5268,2,6,0,5264,4,6,0,5262,2,6,0,5260,2,6,0,5258,2,6,0,5256,6,6,4,5242,10,11,0,5232,14,6,4,5218,10,11,0,5208,14,6,4
232,232.0,0.0,5270.0,5268,2,6,0,5264,4,6,0,5262,2,6,0,5260,2,6,0,5258,2,6,0,5256,2,11,0,5246,14,6,4,5232,10,11,0,5222,14,6,4,5208,10,11,0
233,233.0,0.0,5270.0,5268,2,6,0,5264,4,6,0,5262,2,6,0,5260,2,6,0,5258,2,6,0,5256,2,6,0,5246,10,11,0,5236,14,6,4,5222,10,11,0,5212,14,6,4
234,234.0,0.0,5270.0,5268,2,6,0,5264,4,6,0,5262,2,6,0,5260,2,6,0,5258,2,6,0,5256,2,6,0,5250,10,6,4,5236,10,11,0,5226,14,6,4,5212,10,11,0
235,235.0,0.0,5270.0,5268,2,6,0,5264,4,6,0,5262,2,6,0,5260,2,6,0,5258,2,6,0,5256,2,6,0,5250,6,11,0,5240,14,6,4,5226,10,11,0,5216,14,6,4
236,236.0,0.0,5270.0,5268,2,6,0,5264,4,6,0,5262,2,6,0,5260,2,6,0,5258,2,6,0,5256,2,6,0,5254,6,6,4,5240,10,11,0,5230,14,6,4,5216,10,11,0
237,237.0,0.0,5270.0,5268,2,6,0,5264,4,6,0,5262,2,6,0,5260,2,6,0,5258,2,6,0,5256,2,6,0,5254,2,11,0,5244,14,6,4,5230,10,11,0,5220,14,6,4
238,238.0,0.0,5270.0,5268,2,6,0,5264,4,6,0,5262,2,6,0,5260,2,6,0,5258,2,6,0,5256,2,6,0,5254,2,6,0,5244,10,11,0,5234,14,6,4,5220,10,11,0
239,239.0,0.0,5270.0,5268,2,6,0,5264,4,6,0,5262,2,6,0,5260,2,6,0,5258,2,6,0,5256,2,6,0,5254,2,6,0,5248,10,6,4,5234,10,11,0,5224,14,6,4
240,240.0,0.0,5270.0,5268,2,6,0,5264,4,6,0,5262,2,6,0,5260,2,6,0,5258,2,6,0,5256,2,6,0,5254,2,6,0,5248,6,11,0,5238,14,6,4,5224,10,11,0
241,241.0,0.0,5270.0,5268,2,6,0,5264,4,6,0,5262,2,6,0,5260,2,6,0,5258,2,6,0,5256,2,6,0,5254,2,6,0,5252,6,6,4,5238,10,11,0,5228,14,6,4
242,242.0,0.0,5270.0,5268,2,6,0,5264,4,6,0,5262,2,6,0,5260,2,6,0,5258,2,6,0,5256,2,6,0,5254,2,6,0,5252,2,11,0,5242,14,6,4,5228,10,11,0
243,243.0,0.0,5270.0,5268,2,6,0,5264,4,6,0,5262,2,6,0,5260,2,6,0,5258,2,6,0,5256,2,6,0,5254,2,6,0,5252,2,6,0,5242,10,11,0,5232,14,6,4
244,244.0,0.0,5270.0,5268,2,6,0,5264,4,6,0,5262,2,6,0,5260,2,6,0,5258,2,6,0,5256,2,6,0,5254,2,6,0,5252,2,6,0,5246,10,6,4,5232,10,11,0
245,245.0,0.0,5270.0,5268,2,6,0,5264,4,6,0,5262,2,6,0,5260,2,6,0,5258,2,6,0,5256,2,6,0,5254,2,6,0,5252,2,6,0,5246,6,11,0,5236,14,6,4
246,246.0,0.0,5270.0,5268,2,6,0,5264,4,6,0,5262,2,6,0,5260,2,6,0,5258,2,6,0,5256,2,6,0,5254,2,6,0,5252,2,6,0,5250,6,6,4,5236,10,11,0
247,247.0,0.0,5270.0,5268,2,6,0,5264,4,6,0,5262,2,6,0,5260,2,6,0,5258,2,6,0,5256,2,6,0,5254,2,6,0,5252,2,6,0,5250,2,11,0,5240,14,6,4
248,248.0,0.0,5270.0,5268,2,6,0,5264,4,6,0,5262,2,6,0,5260,2,6,0,5258,2,6,0,5256,2,6,0,5254,2,6,0,5252,2,6,0,5250,2,6,0,5240,10,11,0
249,249.0,0.0,5270.0,5268,2,6,0,5264,4,6,0,5262,2,6,0,5260,2,6,0,5258,2,6,0,5256,2,6,0,5254,2,6,0,5252,2,6,0,5250,2,6,0,5244,10,6,4
250,250.0,0.0,5270.0,5268,2,6,0,5264,4,6,0,5262,2,6,0,5260,2,6,0,5258,2,6,0,5256,2,6,0,5254,2,6,0,5252,2,6,0,5250,2,6,0,5244,6,11,0
251,251.0,0.0,5270.0,5268,2,6,0,5264,4,6,0,5262,2,6,0,5260,2,6,0,5258,2,6,0,5256,2,6,0,5254,2,6,0,5252,2,6,0,5250,2,6,0,5248,6,6,4
252,252.0,0.0,5270.0,5268,2,6,0,5264,4,6,0,5262,2,6,0,5260,2,6,0,5258,2,6,0,5256,2,6,0,5254,2,6,0,5252,2,6,0,5250,2,6,0,5248,2,11,0
253,253.0,0.0,5270.0,5268,2,6,0,5264,4,6,0,5262,2,6,0,5260,2,6,0,5258,2,6,0,5256,2,6,0,5254,2,6,0,5252,2,6,0,5250,2,6,0,5248,2,6,0
254,254.0,0.0,5270.0,5268,2,6,0,5264,4,6,0,5262,2,6,0,5260,2,6,0,5258,2,6,0,5256,2,6,0,5254,2,6,0,5252,2,6,0,5250,2,6,0,5248,2,6,0
255,255.0,0.0,5270.0,5268,2,6,0,5264,4,6,0,5262,2,6,0,5260,2,6,0,5258,2,6,0,5256,2,6,0,5254,2,6,0,5252,2,6,0,5250,2,6,0,5248,2,6,0
256,256.0,0.0,5270.0,5268,2,6,0,5264,4,6,0,5262,2,6,0,5260,2,6,0,5258,2,6,0,5256,2,6,0,5254,2,6,0,5252,2,6,0,5250,2,6,0,5248,2,6,0
257,257.0,0.0,5270.0,5268,2,6,0,5264,4,6,0,5262,2,6,0,5260,2,6,0,5258,2,6,0,5256,2,6,0,5254,2,6,0,5252,2,6,0,5250,2,6,0,5248,2,6,0
258,258.0,0.0,5270.0,5268,2,6,0,5264,4,6,0,5262,2,6,0,5260,2,6,0,5258,2,6,0,5256,2,6,0,5254,2,6,0,5252,2,6,0,5250,2,6,0,5248,2,6,0
259,259.0,0.0,5270.0,5268,2,6,0,5264,4,6,0,5262,2,6,0,5260,2,6,0,5258,2,6,0,5256,2,6,0,5254,2,6,0,5252,2,6,0,5250,2,6,0,5248,2,6,0
260,260.0,0.0,5270.0,5268,2,6,0,5264,4,6,0,5262,2,6,0,5260,2,6,0,5258,2,6,0,5256,2,6,0,5254,2,6,0,5252,2,6,0,5250,2,6,0,5248,2,6,0
261,261.0,0.0,5270.0,5268,2,6,0,5264,4,6,0,5262,2,6,0,5260,2,6,0,5258,2,6,0,5256,2,6,0,5254,2,6,0,5252,2,6,0,5250,2,6,0,5248,2,6,0
262,262.0,0.0,5270.0,5268,2,6,0,5264,4,6,0,5262,2,6,0,5260,2,6,0,5258,2,6,0,5256,2,6,0,5254,2,6,0,5252,2,6,0,5250,2,6,0,5248,2,6,0
263,263.0,0.0,5270.0,5268,2,6,0,5264,4,6,0,5262,2,6,0,5260,2,6,0,5258,2,6,0,5256,2,6,0,5254,2,6,0,5252,2,6,0,5250,2,6,0,5248,2,6,0
264,264.0,0.0,5270.0,5268,2,6,0,5264,4,6,0,5262,2,6,0,5260,2,6,0,5258,2,6,0,5256,2,6,0,5254,2,6,0,5252,2,6,0,5250,2,6,0,5248,2,6,0
265,265.0,0.0,5270.0,5268,2,6,0,5264,4,6,0,5262,2,6,0,5260,2,6,0,5258,2,6,0,5256,2,6,0,5254,2,6,0,5252,2,6,0,5250,2,6,0,5248,2,6,0
266,266.0,0.0,5270.0,5268,2,6,0,5264,4,6,0,5262,2,6,0,5260,2,6,0,5258,2,6,0,5256,2,6,0,5254,2,6,0,5252,2,6,0,5250,2,6,0,5248,2,6,0
267,267.0,0.0,5270.0,5268,2,6,0,5264,4,6,0,5262,2,6,0,5260,2,6,0,5258,2,6,0,5256,2,6,0,5254,2,6,0,5252,2,6,0,5250,2,6,0,5248,2,6,0
268,268.0,0.0,5270.0,5268,2,6,0,5264,4,6,0,5262,2,6,0,5260,2,6,0,5258,2,6,0,5256,2,6,0,5254,2,6,0,5252,2,6,0,5250,2,6,0,5248,2,6,0
269,269.0,0.0,5270.0,5268,2,6,0,5264,4,6,0,5262,2,6,0,5260,2,6,0,5258,2,6,0,5256,2,6,0,5254,2,6,0,5252,2,6,0,5250,2,6,0,5248,2,6,0
270,270.0,0.0,5270.0,5268,2,6,0,5264,4,6,0,5262,2,6,0,5260,2,6,0,5258,2,6,0,5256,2,6,0,5254,2,6,0,5252,2,6,0,5250,2,6,0,5248,2,6,0
271,271.0,0.0,5270.0,5268,2,6,0,5264,4,6,0,5262,2,6,0,5260,2,6,0,5258,2,6,0,5256,2,6,0,5254,2,6,0,5252,2,6,0,5250,2,6,0,5248,2,6,0
272,272.0,0.0,5270.0,5268,2,6,0,5264,4,6,0,5262,2,6,0,5260,2,6,0,5258,2,6,0,5256,2,6,0,5254,2,6,0,5252,2,6,0,5250,2,6,0,5248,2,6,0
273,273.0,0.0,5270.0,5268,2,6,0,5264,4,6,0,5262,2,6,0,5260,2,6,0,5258,2,6,0,5256,2,6,0,5254,2,6,0,5252,2,6,0,5250,2,6,0,5248,2,6,0
274,274.0,0.0,5270.0,5268,2,6,0,5264,4,6,0,5262,2,6,0,5260,2,6,0,5258,2,6,0,5256,2,6,0,5254,2,6,0,5252,2,6,0,5250,2,6,0,5248,2,6,0
275,275.0,0.0,5270.0,5268,2,6,0,5264,4,6,0,5262,2,6,0,5260,2,6,0,5258,2,6,0,5256,2,6,0,5254,2,6,0,5252,2,6,0,5250,2,6,0,5248,2,6,0
276,276.0,0.0,5270.0,5268,2,6,0,5264,4,6,0,5262,2,6,0,5260,2,6,0,5258,2,6,0,5256,2,6,0,5254,2,6,0,5252,2,6,0,5250,2,6,0,5248,2,6,0
277,277.0,0.0,5270.0,5268,2,6,0,5264,4,6,0,5262,2,6,0,5260,2,6,0,5258,2,6,0,5256,2,6,0,5254,2,6,0,5252,2,6,0,5250,2,6,0,5248,2,6,0
278,278.0,0.0,5270.0,5268,2,6,0,5264,4,6,0,5262,2,6,0,5260,2,6,0,5258,2,6,0,5256,2,6,0,5254,2,6,0,5252,2,6,0,5250,2,6,0,5248,2,6,0
279,279.0,0.0,5270.0,5268,2,6,0,5264,4,6,0,5262,2,6,0,5260,2,6,0,5258,2,6,0,5256,2,6,0,5254,2,6,0,5252,2,6,0,5250,2,6,0,5248,2,6,0
280,280.0,0.0,5270.0,5268,2,6,0,5264,4,6,0,5262,2,6,0,5260,2,6,0,5258,2,6,0,5256,2,6,0,5254,2,6,0,5252,2,6,0,5250,2,6,0,5248,2,6,0
281,281.0,0.0,5270.0,5268,2,6,0,5264,4,6,0,5262,2,6,0,5260,2,6,0,5258,2,6,0,5256,2,6,0,5254,2,6,0,5252,2,6,0,5250,2,6,0,5248,2,6,0
282,282.0,0.0,5270.0,5268,2,6,0,5264,4,6,0,5262,2,6,0,5260,2,6,0,5258,2,6,0,5256,2,6,0,5254,2,6,0,5252,2,6,0,5250,2,6,0,5248,2,6,0
283,283.0,0.0,5270.0,5268,2,6,0,5264,4,6,0,5262,2,6,0,5260,2,6,0,5258,2,6,0,5256,2,6,0,5254,2,6,0,5252,2,6,0,5250,2,6,0,5248,2,6,0
284,284.0,0.0,5270.0,5268,2,6,0,5264,4,6,0,5262,2,6,0,5260,2,6,0,5258,2,6,0,5256,2,6,0,5254,2,6,0,5252,2,6,0,5250,2,6,0,5248,2,6,0
285,285.0,0.0,5270.0,5268,2,6,0,5264,4,6,0,5262,2,6,0,5260,2,6,0,5258,2,6,0,5256,2,6,0,5254,2,6,0,5252,2,6,0,5250,2,6,0,5248,2,6,0
286,286.0,0.0,5270.0,5268,2,6,0,5264,4,6,0,5262,2,6,0,5260,2,6,0,5258,2,6,0,5256,2,6,0,5254,2,6,0,5252,2,6,0,5250,2,6,0,5248,2,6,0
287,287.0,0.0,5270.0,5268,2,6,0,5264,4,6,0,5262,2,6,0,5260,2,6,0,5258,2,6,0,5256,2,6,0,5254,2,6,0,5252,2,6,0,5250,2,6,0,5248,2,6,0
288,288.0,0.0,5270.0,5268,2,6,0,5264,4,6,0,5262,2,6,0,5260,2,6,0,5258,2,6,0,5256,2,6,0,5254,2,6,0,5252,2,6,0,5250,2,6,0,5248,2,6,0
289,289.0,0.0,5270.0,5268,2,6,0,5264,4,6,0,5262,2,6,0,5260,2,6,0,5258,2,6,0,5256,2,6,0,5254,2,6,0,5252,2,6,0,5250,2,6,0,5248,2,6,0
290,290.0,0.0,5270.0,5268,2,6,0,5264,4,6,0,5262,2,6,0,5260,2,6,0,5258,2,6,0,5256,2,6,0,5254,2,6,0,5252,2,6,0,5250,2,6,0,5248,2,6,0
291,291.0,0.0,5270.0,5268,2,6,0,5264,4,6,0,5262,2,6,0,5260,2,6,0,5258,2,6,0,5256,2,6,0,5254,2,6,0,5252,2,6,0,5250,2,6,0,5248,2,6,0
292,292.0,0.0,5270.0,5268,2,6,0,5264,4,6,0,5262,2,6,0,5260,2,6,0,5258,2,6,0,5256,2,6,0,5254,2,6,0,5252,2,6,0,5250,2,6,0,5248,2,6,0
293,293.0,0.0,5270.0,5268,2,6,0,5264,4,6,0,5262,2,6,0,5260,2,6,0,5258,2,6,0,5256,2,6,0,5254,2,6,0,5252,2,6,0,5250,2,6,0,5248,2,6,0
294,294.0,0.0,5270.0,5268,2,6,0,5264,4,6,0,5262,2,6,0,5260,2,6,0,5258,2,6,0,5256,2,6,0,5254,2,6,0,5252,2,6,0,5250,2,6,0,5248,2,6,0
295,295.0,0.0,5270.0,5268,2,6,0,5264,4,6,0,5262,2,6,0,5260,2,6,0,5258,2,6,0,5256,2,6,0,5254,2,6,0,5252,2,6,0,5250,2,6,0,5248,2,6,0
296,296.0,0.0,5270.0,5268,2,6,0,5264,4,6,0,5262,2,6,0,5260,2,6,0,5258,2,6,0,5256,2,6,0,5254,2,6,0,5252,2,6,0,5250,2,6,0,5248,2,6,0
297,297.0,0.0,5270.0,5268,2,6,0,5264,4,6,0,5262,2,6,0,5260,2,6,0,5258,2,6,0,5256,2,6,0,5254,2,6,0,5252,2,6,0,5250,2,6,0,5248,2,6,0
298,298.0,0.0,5270.0,5268,2,6,0,5264,4,6,0,5262,2,6,0,5260,2,6,0,5258,2,6,0,5256,2,6,0,5254,2,6,0,5252,2,6,0,5250,2,6,0,5248,2,6,0
299,299.0,0.0,5270.0,5268,2,6,0,5264,4,6,0,5262,2,6,0,5260,2,6,0,5258,2,6,0,5256,2,6,0,5254,2,6,0,5252,2,6,0,5250,2,6,0,5248,2,6,0
300,300.0,2.0,5272.0,5268,2,6,0,5264,4,6,0,5262,2,6,0,5260,2,6,0,5258,2,6,0,5256,2,6,0,5254,2,6,0,5252,2,6,0,5250,2,6,0,5248,2,6,0
301,301.0,4.0,5276.0,5268,4,6,0,5264,4,6,0,5262,2,6,0,5260,2,6,0,5258,2,6,0,5256,2,6,0,5254,2,6,0,5252,2,6,0,5250,2,6,0,5248,2,6,0
302,302.0,6.0,5282.0,5272,8,6,4,5264,4,6,0,5262,2,6,0,5260,2,6,0,5258,2,6,0,5256,2,6,0,5254,2,6,0,5252,2,6,0,5250,2,6,0,5248,2,6,0
303,303.0,8.0,5290.0,5272,10,11,0,5268,8,6,4,5262,2,6,0,5260,2,6,0,5258,2,6,0,5256,2,6,0,5254,2,6,0,5252,2,6,0,5250,2,6,0,5248,2,6,0
304,304.0,10.0,5300.0,5276,18,6,4,5268,4,11,0,5266,6,6,4,5260,2,6,0,5258,2,6,0,5256,2,6,0,5254,2,6,0,5252,2,6,0,5250,2,6,0,5248,2,6,0
305,305.0,12.0,5312.0,5284,24,11,8,5272,8,6,4,5266,2,11,0,5264,6,6,4,5258,2,6,0,5256,2,6,0,5254,2,6,0,5252,2,6,0,5250,2,6,0,5248,2,6,0
306,306.0,14.0,5326.0,5296,28,16,12,5280,12,11,8,5270,6,6,4,5264,2,11,0,5262,6,6,4,5256,2,6,0,5254,2,6,0,5252,2,6,0,5250,2,6,0,5248,2,6,0
307,307.0,16.0,5342.0,5312,30,22,16,5292,16,16,12,5270,10,11,0,5268,6,6,4,5262,2,11,0,5260,6,6,4,5254,2,6,0,5252,2,6,0,5250,2,6,0,5248,2,6,0
308,308.0,18.0,5360.0,5332,30,27,20,5298,20,22,6,5274,22,6,4,5268,2,11,0,5266,6,6,4,5260,2,11,0,5258,6,6,4,5252,2,6,0,5250,2,6,0,5248,2,6,0
309,309.0,20.0,5380.0,5346,28,32,14,5308,34,14,10,5282,24,11,8,5272,6,6,4,5266,2,11,0,5264,6,6,4,5258,2,11,0,5256,6,6,4,5250,2,6,0,5248,2,6,0
310,310.0,22.0,5402.0,5364,34,24,18,5322,38,19,14,5294,26,16,12,5272,10,11,0,5270,6,6,4,5264,2,11,0,5262,6,6,4,5256,2,11,0,5254,6,6,4,5248,2,6,0
311,311.0,24.0,5426.0,5386,38,30,22,5340,42,24,18,5310,28,22,16,5276,22,6,4,5270,2,11,0,5268,6,6,4,5262,2,11,0,5260,6,6,4,5254,2,11,0,5252,6,6,4
312,312.0,26.0,5452.0,5412,40,35,26,5362,46,30,22,5330,30,27,20,5284,34,11,8,5274,6,6,4,5268,2,11,0,5266,6,6,4,5260,2,11,0,5258,6,6,4,5252,2,11,0
313,313.0,28.0,5480.0,5442,40,40,30,5388,50,35,26,5354,32,32,24,5296,46,16,12,5274,10,11,0,5272,6,6,4,5266,2,11,0,5264,6,6,4,5258,2,11,0,5256,6,6,4
314,314.0,30.0,5510.0,5466,38,46,24,5418,54,40,30,5372,34,38,18,5312,58,22,16,5278,22,6,4,5272,2,11,0,5270,6,6,4,5264,2,11,0,5262,6,6,4,5256,2,11,0
315,315.0,32.0,5542.0,5494,44,38,28,5448,48,46,30,5394,46,30,22,5332,60,27,20,5286,34,11,8,5276,6,6,4,5270,2,11,0,5268,6,6,4,5262,2,11,0,5260,6,6,4
316,316.0,34.0,5576.0,5524,48,43,30,5478,46,46,30,5420,54,35,26,5356,62,32,24,5298,46,16,12,5276,10,11,0,5274,6,6,4,5268,2,11,0,5266,6,6,4,5260,2,11,0
317,317.0,36.0,5612.0,5554,52,46,30,5508,46,46,30,5450,58,40,30,5384,64,38,28,5314,58,22,16,5280,22,6,4,5274,2,11,0,5272,6,6,4,5266,2,11,0,5264,6,6,4
318,318.0,36.0,5648.0,5584,58,46,30,5538,46,46,30,5480,58,46,30,5414,66,43,30,5334,70,27,20,5288,34,11,8,5278,6,6,4,5272,2,11,0,5270,6,6,4,5264,2,11,0
319,319.0,36.0,5684.0,5614,64,46,30,5568,46,46,30,5510,58,46,30,5444,66,46,30,5358,80,32,24,5300,46,16,12,5278,10,11,0,5276,6,6,4,5270,2,11,0,5268,6,6,4
320,320.0,36.0,5720.0,5644,70,46,30,5598,46,46,30,5540,58,46,30,5474,66,46,30,5386,86,38,28,5316,58,22,16,5282,22,6,4,5276,2,11,0,5274,6,6,4,5268,2,11,0
321,321.0,36.0,5756.0,5674,76,46,30,5628,46,46,30,5570,58,46,30,5504,66,46,30,5416,88,43,30,5336,70,27,20,5290,34,11,8,5280,6,6,4,5274,2,11,0,5272,6,6,4
322,322.0,36.0,5792.0,5704,82,46,30,5658,46,46,30,5600,58,46,30,5534,66,46,30,5446,88,46,30,5360,80,32,24,5302,46,16,12,5280,10,11,0,5278,6,6,4,5272,2,11,0
323,323.0,36.0,5828.0,5734,88,46,30,5688,46,46,30,5630,58,46,30,5564,66,46,30,5476,88,46,30,5388,86,38,28,5318,58,22,16,5284,22,6,4,5278,2,11,0,5276,6,6,4
324,324.0,36.0,5864.0,5764,94,46,30,5718,46,46,30,5660,58,46,30,5594,66,46,30,5506,88,46,30,5418,88,43,30,5338,70,27,20,5292,34,11,8,5282,6,6,4,5276,2,11,0
325,325.0,36.0,5900.0,5794,100,46,30,5748,46,46,30,5690,58,46,30,5624,66,46,30,5536,88,46,30,5448,88,46,30,5362,80,32,24,5304,46,16,12,5282,10,11,0,5280,6,6,4
326,326.0,36.0,5936.0,5824,106,46,30,5778,46,46,30,5720,58,46,30,5654,66,46,30,5566,88,46,30,5478,88,46,30,5390,86,38,28,5320,58,22,16,5286,22,6,4,5280,2,11,0
327,327.0,36.0,5972.0,5854,112,46,30,5808,46,46,30,5750,58,46,30,5684,66,46,30,5596,88,46,30,5508,88,46,30,5420,88,43,30,5340,70,27,20,5294,34,11,8,5284,6,6,4
328,328.0,36.0,6008.0,5884,118,46,30,5838,46,46,30,5780,58,46,30,5714,66,46,30,5626,88,46,30,5538,88,46,30,5450,88,46,30,5364,80,32,24,5306,46,16,12,5284,10,11,0
329,329.0,36.0,6044.0,5914,124,46,30,5868,46,46,30,5810,58,46,30,5744,66,46,30,5656,88,46,30,5568,88,46,30,5480,88,46,30,5392,86,38,28,5322,58,22,16,5288,22,6,4
330,330.0,36.0,6080.0,5944,130,46,30,5898,46,46,30,5840,58,46,30,5774,66,46,30,5686,88,46,30,5598,88,46,30,5510,88,46,30,5422,88,43,30,5342,70,27,20,5296,34,11,8
331,331.0,36.0,6116.0,5974,136,46,30,5928,46,46,30,5870,58,46,30,5804,66,46,30,5716,88,46,30,5628,88,46,30,5540,88,46,30,5452,88,46,30,5366,80,32,24,5308,46,16,12
332,332.0,36.0,6152.0,6004,142,46,30,5958,46,46,30,5900,58,46,30,5834,66,46,30,5746,88,46,30,5658,88,46,30,5570,88,46,30,5482,88,46,30,5394,86,38,28,5324,58,22,16
333,333.0,36.0,6188.0,6034,148,46,30,5988,46,46,30,5930,58,46,30,5864,66,46,30,5776,88,46,30,5688,88,46,30,5600,88,46,30,5512,88,46,30,5424,88,43,30,5344,70,27,20
334,334.0,36.0,6224.0,6064,154,46,30,6018,46,46,30,5960,58,46,30,5894,66,46,30,5806,88,46,30,5718,88,46,30,5630,88,46,30,5542,88,46,30,5454,88,46,30,5368,80,32,24
335,335.0,36.0,6260.0,6094,160,46,30,6048,46,46,30,5990,58,46,30,5924,66,46,30,5836,88,46,30,5748,88,46,30,5660,88,46,30,5572,88,46,30,5484,88,46,30,5396,86,38,28
336,336.0,36.0,6296.0,6124,166,46,30,6078,46,46,30,6020,58,46,30,5954,66,46,30,5866,88,46,30,5778,88,46,30,5690,88,46,30,5602,88,46,30,5514,88,46,30,5426,88,43,30
337,337.0,36.0,6332.0,6154,172,46,30,6108,46,46,30,6050,58,46,30,5984,66,46,30,5896,88,46,30,5808,88,46,30,5720,88,46,30,5632,88,46,30,5544,88,46,30,5456,88,46,30
338,338.0,36.0,6368.0,6184,178,46,30,6138,46,46,30,6080,58,46,30,6014,66,46,30,5926,88,46,30,5838,88,46,30,5750,88,46,30,5662,88,46,30,5574,88,46,30,5486,88,46,30
339,339.0,36.0,6404.0,6214,184,46,30,6168,46,46,30,6110,58,46,30,6044,66,46,30,5956,88,46,30,5868,88,46,30,5780,88,46,30,5692,88,46,30,5604,88,46,30,5516,88,46,30
340,340.0,36.0,6440.0,6244,190,46,30,6198,46,46,30,6140,58,46,30,6074,66,46,30,5986,88,46,30,5898,88,46,30,5810,88,46,30,5722,88,46,30,5634,88,46,30,5546,88,46,30
341,341.0,36.0,6476.0,6274,196,46,30,6228,46,46,30,6170,58,46,30,6104,66,46,30,6016,88,46,30,5928,88,46,30,5840,88,46,30,5752,88,46,30,5664,88,46,30,5576,88,46,30
342,342.0,36.0,6512.0,6304,202,46,30,6258,46,46,30,6200,58,46,30,6134,66,46,30,6046,88,46,30,5958,88,46,30,5870,88,46,30,5782,88,46,30,5694,88,46,30,5606,88,46,30
343,343.0,36.0,6548.0,6334,208,46,30,6288,46,46,30,6230,58,46,30,6164,66,46,30,6076,88,46,30,5988,88,46,30,5900,88,46,30,5812,88,46,30,5724,88,46,30,5636,88,46,30
344,344.0,36.0,6584.0,6364,214,46,30,6318,46,46,30,6260,58,46,30,6194,66,46,30,6106,88,46,30,6018,88,46,30,5930,88,46,30,5842,88,46,30,5754,88,46,30,5666,88,46,30
345,345.0,36.0,6620.0,6394,220,46,30,6348,46,46,30,6290,58,46,30,6224,66,46,30,6136,88,46,30,6048,88,46,30,5960,88,46,30,5872,88,46,30,5784,88,46,30,5696,88,46,30
346,346.0,36.0,6656.0,6424,226,46,30,6378,46,46,30,6320,58,46,30,6254,66,46,30,6166,88,46,30,6078,88,46,30,5990,88,46,30,5902,88,46,30,5814,88,46,30,5726,88,46,30
347,347.0,36.0,6692.0,6454,232,46,30,6408,46,46,30,6350,58,46,30,6284,66,46,30,6196,88,46,30,6108,88,46,30,6020,88,46,30,5932,88,46,30,5844,88,46,30,5756,88,46,30
348,348.0,36.0,6728.0,6484,238,46,30,6438,46,46,30,6380,58,46,30,6314,66,46,30,6226,88,46,30,6138,88,46,30,6050,88,46,30,5962,88,46,30,5874,88,46,30,5786,88,46,30
349,349.0,36.0,6764.0,6514,244,46,30,6468,46,46,30,6410,58,46,30,6344,66,46,30,6256,88,46,30,6168,88,46,30,6080,88,46,30,5992,88,46,30,5904,88,46,30,5816,88,46,30
350,350.0,36.0,6800.0,6544,250,46,30,6498,46,46,30,6440,58,46,30,6374,66,46,30,6286,88,46,30,6198,88,46,30,6110,88,46,30,6022,88,46,30,5934,88,46,30,5846,88,46,30
351,351.0,36.0,6836.0,6574,256,46,30,6528,46,46,30,6470,58,46,30,6404,66,46,30,6316,88,46,30,6228,88,46,30,6140,88,46,30,6052,88,46,30,5964,88,46,30,5876,88,46,30
352,352.0,36.0,6872.0,6604,262,46,30,6558,46,46,30,6500,58,46,30,6434,66,46,30,6346,88,46,30,6258,88,46,30,6170,88,46,30,6082,88,46,30,5994,88,46,30,5906,88,46,30
353,353.0,36.0,6908.0,6634,268,46,30,6588,46,46,30,6530,58,46,30,6464,66,46,30,6376,88,46,30,6288,88,46,30,6200,88,46,30,6112,88,46,30,6024,88,46,30,5936,88,46,30
354,354.0,36.0,6944.0,6664,274,46,30,6618,46,46,30,6560,58,46,30,6494,66,46,30,6406,88,46,30,6318,88,46,30,6230,88,46,30,6142,88,46,30,6054,88,46,30,5966,88,46,30
355,355.0,36.0,6980.0,6694,280,46,30,6648,46,46,30,6590,58,46,30,6524,66,46,30,6436,88,46,30,6348,88,46,30,6260,88,46,30,6172,88,46,30,6084,88,46,30,5996,88,46,30
356,356.0,36.0,7016.0,6724,286,46,30,6678,46,46,30,6620,58,46,30,6554,66,46,30,6466,88,46,30,6378,88,46,30,6290,88,46,30,6202,88,46,30,6114,88,46,30,6026,88,46,30
357,357.0,36.0,7052.0,6754,292,46,30,6708,46,46,30,6650,58,46,30,6584,66,46,30,6496,88,46,30,6408,88,46,30,6320,88,46,30,6232,88,46,30,6144,88,46,30,6056,88,46,30
358,358.0,36.0,7088.0,6784,298,46,30,6738,46,46,30,6680,58,46,30,6614,66,46,30,6526,88,46,30,6438,88,46,30,6350,88,46,30,6262,88,46,30,6174,88,46,30,6086,88,46,30
359,359.0,36.0,7124.0,6814,304,46,30,6768,46,46,30,6710,58,46,30,6644,66,46,30,6556,88,46,30,6468,88,46,30,6380,88,46,30,6292,88,46,30,6204,88,46,30,6116,88,46,30
360,360.0,36.0,7160.0,6844,310,46,30,6798,46,46,30,6740,58,46,30,6674,66,46,30,6586,88,46,30,6498,88,46,30,6410,88,46,30,6322,88,46,30,6234,88,46,30,6146,88,46,30
361,361.0,36.0,7196.0,6874,316,46,30,6828,46,46,30,6770,58,46,30,6704,66,46,30,6616,88,46,30,6528,88,46,30,6440,88,46,30,6352,88,46,30,6264,88,46,30,6176,88,46,30
362,362.0,36.0,7232.0,6904,322,46,30,6858,46,46,30,6800,58,46,30,6734,66,46,30,6646,88,46,30,6558,88,46,30,6470,88,46,30,6382,88,46,30,6294,88,46,30,6206,88,46,30
363,363.0,36.0,7268.0,6934,328,46,30,6888,46,46,30,6830,58,46,30,6764,66,46,30,6676,88,46,30,6588,88,46,30,6500,88,46,30,6412,88,46,30,6324,88,46,30,6236,88,46,30
364,364.0,36.0,7304.0,6964,334,46,30,6918,46,46,30,6860,58,46,30,6794,66,46,30,6706,88,46,30,6618,88,46,30,6530,88,46,30,6442,88,46,30,6354,88,46,30,6266,88,46,30
365,365.0,36.0,7340.0,6994,340,46,30,6948,46,46,30,6890,58,46,30,6824,66,46,30,6736,88,46,30,6648,88,46,30,6560,88,46,30,6472,88,46,30,6384,88,46,30,6296,88,46,30
366,366.0,36.0,7376.0,7024,346,46,30,6978,46,46,30,6920,58,46,30,6854,66,46,30,6766,88,46,30,6678,88,46,30,6590,88,46,30,6502,88,46,30,6414,88,46,30,6326,88,46,30
367,367.0,36.0,7412.0,7054,352,46,30,7008,46,46,30,6950,58,46,30,6884,66,46,30,6796,88,46,30,6708,88,46,30,6620,88,46,30,6532,88,46,30,6444,88,46,30,6356,88,46,30
368,368.0,36.0,7448.0,7084,358,46,30,7038,46,46,30,6980,58,46,30,6914,66,46,30,6826,88,46,30,6738,88,46,30,6650,88,46,30,6562,88,46,30,6474,88,46,30,6386,88,46,30
369,369.0,36.0,7484.0,7114,364,46,30,7068,46,46,30,7010,58,46,30,6944,66,46,30,6856,88,46,30,6768,88,46,30,6680,88,46,30,6592,88,46,30,6504,88,46,30,6416,88,46,30
370,370.0,36.0,7520.0,7144,370,46,30,7098,46,46,30,7040,58,46,30,6974,66,46,30,6886,88,46,30,6798,88,46,30,6710,88,46,30,6622,88,46,30,6534,88,46,30,6446,88,46,30
371,371.0,36.0,7556.0,7174,376,46,30,7128,46,46,30,7070,58,46,30,7004,66,46,30,6916,88,46,30,6828,88,46,30,6740,88,46,30,6652,88,46,30,6564,88,46,30,6476,88,46,30
372,372.0,36.0,7592.0,7204,382,46,30,7158,46,46,30,7100,58,46,30,7034,66,46,30,6946,88,46,30,6858,88,46,30,6770,88,46,30,6682,88,46,30,6594,88,46,30,6506,88,46,30
373,373.0,36.0,7628.0,7234,388,46,30,7188,46,46,30,7130,58,46,30,7064,66,46,30,6976,88,46,30,6888,88,46,30,6800,88,46,30,6712,88,46,30,6624,88,46,30,6536,88,46,30
374,374.0,36.0,7664.0,7264,394,46,30,7218,46,46,30,7160,58,46,30,7094,66,46,30,7006,88,46,30,6918,88,46,30,6830,88,46,30,6742,88,46,30,6654,88,46,30,6566,88,46,30
375,375.0,36.0,7700.0,7294,400,46,30,7248,46,46,30,7190,58,46,30,7124,66,46,30,7036,88,46,30,6948,88,46,30,6860,88,46,30,6772,88,46,30,6684,88,46,30,6596,88,46,30
376,376.0,36.0,7736.0,7324,406,46,30,7278,46,46,30,7220,58,46,30,7154,66,46,30,7066,88,46,30,6978,88,46,30,6890,88,46,30,6802,88,46,30,6714,88,46,30,6626,88,46,30
377,377.0,36.0,7772.0,7354,412,46,30,7308,46,46,30,7250,58,46,30,7184,66,46,30,7096,88,46,30,7008,88,46,30,6920,88,46,30,6832,88,46,30,6744,88,46,30,6656,88,46,30
378,378.0,36.0,7808.0,7384,418,46,30,7338,46,46,30,7280,58,46,30,7214,66,46,30,7126,88,46,30,7038,88,46,30,6950,88,46,30,6862,88,46,30,6774,88,46,30,6686,88,46,30
379,379.0,36.0,7844.0,7414,424,46,30,7368,46,46,30,7310,58,46,30,7244,66,46,30,7156,88,46,30,7068,88,46,30,6980,88,46,30,6892,88,46,30,6804,88,46,30,6716,88,46,30
380,380.0,36.0,7880.0,7444,430,46,30,7398,46,46,30,7340,58,46,30,7274,66,46,30,7186,88,46,30,7098,88,46,30,7010,88,46,30,6922,88,46,30,6834,88,46,30,6746,88,46,30
381,381.0,36.0,7916.0,7474,436,46,30,7428,46,46,30,7370,58,46,30,7304,66,46,30,7216,88,46,30,7128,88,46,30,7040,88,46,30,6952,88,46,30,6864,88,46,30,6776,88,46,30
382,382.0,36.0,7952.0,7504,442,46,30,7458,46,46,30,7400,58,46,30,7334,66,46,30,7246,88,46,30,7158,88,46,30,7070,88,46,30,6982,88,46,30,6894,88,46,30,6806,88,46,30
383,383.0,36.0,7988.0,7534,448,46,30,7488,46,46,30,7430,58,46,30,7364,66,46,30,7276,88,46,30,7188,88,46,30,7100,88,46,30,7012,88,46,30,6924,88,46,30,6836,88,46,30
384,384.0,36.0,8024.0,7564,454,46,30,7518,46,46,30,7460,58,46,30,7394,66,46,30,7306,88,46,30,7218,88,46,30,7130,88,46,30,7042,88,46,30,6954,88,46,30,6866,88,46,30
385,385.0,36.0,8060.0,7594,460,46,30,7548,46,46,30,7490,58,46,30,7424,66,46,30,7336,88,46,30,7248,88,46,30,7160,88,46,30,7072,88,46,30,6984,88,46,30,6896,88,46,30
386,386.0,36.0,8096.0,7624,466,46,30,7578,46,46,30,7520,58,46,30,7454,66,46,30,7366,88,46,30,7278,88,46,30,7190,88,46,30,7102,88,46,30,7014,88,46,30,6926,88,46,30
387,387.0,36.0,8132.0,7654,472,46,30,7608,46,46,30,7550,58,46,30,7484,66,46,30,7396,88,46,30,7308,88,46,30,7220,88,46,30,7132,88,46,30,7044,88,46,30,6956,88,46,30
388,388.0,36.0,8168.0,7684,478,46,30,7638,46,46,30,7580,58,46,30,7514,66,46,30,7426,88,46,30,7338,88,46,30,7250,88,46,30,7162,88,46,30,7074,88,46,30,6986,88,46,30
389,389.0,36.0,8204.0,7714,484,46,30,7668,46,46,30,7610,58,46,30,7544,66,46,30,7456,88,46,30,7368,88,46,30,7280,88,46,30,7192,88,46,30,7104,88,46,30,7016,88,46,30
390,390.0,36.0,8240.0,7744,490,46,30,7698,46,46,30,7640,58,46,30,7574,66,46,30,7486,88,46,30,7398,88,46,30,7310,88,46,30,7222,88,46,30,7134,88,46,30,7046,88,46,30
391,391.0,36.0,8276.0,7774,496,46,30,7728,46,46,30,7670,58,46,30,7604,66,46,30,7516,88,46,30,7428,88,46,30,7340,88,46,30,7252,88,46,30,7164,88,46,30,7076,88,46,30
392,392.0,36.0,8312.0,7804,502,46,30,7758,46,46,30,7700,58,46,30,7634,66,46,30,7546,88,46,30,7458,88,46,30,7370,88,46,30,7282,88,46,30,7194,88,46,30,7106,88,46,30
393,393.0,36.0,8348.0,7834,508,46,30,7788,46,46,30,7730,58,46,30,7664,66,46,30,7576,88,46,30,7488,88,46,30,7400,88,46,30,7312,88,46,30,7224,88,46,30,7136,88,46,30
394,394.0,36.0,8384.0,7864,514,46,30,7818,46,46,30,7760,58,46,30,7694,66,46,30,7606,88,46,30,7518,88,46,30,7430,88,46,30,7342,88,46,30,7254,88,46,30,7166,88,46,30
395,395.0,36.0,8420.0,7894,520,46,30,7848,46,46,30,7790,58,46,30,7724,66,46,30,7636,88,46,30,7548,88,46,30,7460,88,46,30,7372,88,46,30,7284,88,46,30,7196,88,46,30
396,396.0,36.0,8456.0,7924,526,46,30,7878,46,46,30,7820,58,46,30,7754,66,46,30,7666,88,46,30,7578,88,46,30,7490,88,46,30,7402,88,46,30,7314,88,46,30,7226,88,46,30
397,397.0,36.0,8492.0,7954,532,46,30,7908,46,46,30,7850,58,46,30,7784,66,46,30,7696,88,46,30,7608,88,46,30,7520,88,46,30,7432,88,46,30,7344,88,46,30,7256,88,46,30
398,398.0,36.0,8528.0,7984,538,46,30,7938,46,46,30,7880,58,46,30,7814,66,46,30,7726,88,46,30,7638,88,46,30,7550,88,46,30,7462,88,46,30,7374,88,46,30,7286,88,46,30
399,399.0,36.0,8564.0,8014,544,46,30,7968,46,46,30,7910,58,46,30,7844,66,46,30,7756,88,46,30,7668,88,46,30,7580,88,46,30,7492,88,46,30,7404,88,46,30,7316,88,46,30
400,400.0,33.0,8597.0,8044,550,46,30,7998,46,46,30,7940,58,46,30,7874,66,46,30,7786,88,46,30,7698,88,46,30,7610,88,46,30,7522,88,46,30,7434,88,46,30,7346,88,46,30
401,401.0,30.0,8627.0,8074,553,46,30,8028,46,46,30,7970,58,46,30,7904,66,46,30,7816,88,46,30,7728,88,46,30,7640,88,46,30,7552,88,46,30,7464,88,46,30,7376,88,46,30
402,402.0,27.0,8654.0,8104,553,46,30,8058,46,46,30,8000,58,46,30,7934,66,46,30,7846,88,46,30,7758,88,46,30,7670,88,46,30,7582,88,46,30,7494,88,46,30,7406,88,46,30
403,403.0,24.0,8678.0,8134,550,46,30,8088,46,46,30,8030,58,46,30,7964,66,46,30,7876,88,46,30,7788,88,46,30,7700,88,46,30,7612,88,46,30,7524,88,46,30,7436,88,46,30
404,404.0,21.0,8699.0,8164,544,46,30,8118,46,46,30,8060,58,46,30,7994,66,46,30,7906,88,46,30,7818,88,46,30,7730,88,46,30,7642,88,46,30,7554,88,46,30,7466,88,46,30
405,405.0,18.0,8717.0,8194,535,46,30,8148,46,46,30,8090,58,46,30,8024,66,46,30,7936,88,46,30,7848,88,46,30,7760,88,46,30,7672,88,46,30,7584,88,46,30,7496,88,46,30
406,406.0,15.0,8732.0,8224,523,46,30,8178,46,46,30,8120,58,46,30,8054,66,46,30,7966,88,46,30,7878,88,46,30,7790,88,46,30,7702,88,46,30,7614,88,46,30,7526,88,46,30
407,407.0,12.0,8744.0,8254,508,46,30,8208,46,46,30,8150,58,46,30,8084,66,46,30,7996,88,46,30,7908,88,46,30,7820,88,46,30,7732,88,46,30,7644,88,46,30,7556,88,46,30
408,408.0,9.0,8753.0,8284,490,46,30,8238,46,46,30,8180,58,46,30,8114,66,46,30,8026,88,46,30,7938,88,46,30,7850,88,46,30,7762,88,46,30,7674,88,46,30,7586,88,46,30
409,409.0,6.0,8759.0,8314,469,46,30,8268,46,46,30,8210,58,46,30,8144,66,46,30,8056,88,46,30,7968,88,46,30,7880,88,46,30,7792,88,46,30,7704,88,46,30,7616,88,46,30
410,410.0,3.0,8762.0,8344,445,46,30,8298,46,46,30,8240,58,46,30,8174,66,46,30,8086,88,46,30,7998,88,46,30,7910,88,46,30,7822,88,46,30,7734,88,46,30,7646,88,46,30
411,411.0,0.0,8762.0,8374,418,46,30,8328,46,46,30,8270,58,46,30,8204,66,46,30,8116,88,46,30,8028,88,46,30,7940,88,46,30,7852,88,46,30,7764,88,46,30,7676,88,46,30
412,412.0,0.0,8762.0,8404,388,46,30,8358,46,46,30,8300,58,46,30,8234,66,46,30,8146,88,46,30,8058,88,46,30,7970,88,46,30,7882,88,46,30,7794,88,46,30,7706,88,46,30
413,413.0,0.0,8762.0,8434,358,46,30,8388,46,46,30,8330,58,46,30,8264,66,46,30,8176,88,46,30,8088,88,46,30,8000,88,46,30,7912,88,46,30,7824,88,46,30,7736,88,46,30
414,414.0,0.0,8762.0,8464,328,46,30,8418,46,46,30,8360,58,46,30,8294,66,46,30,8206,88,46,30,8118,88,46,30,8030,88,46,30,7942,88,46,30,7854,88,46,30,7766,88,46,30
415,415.0,0.0,8762.0,8494,298,46,30,8448,46,46,30,8390,58,46,30,8324,66,46,30,8236,88,46,30,8148,88,46,30,8060,88,46,30,7972,88,46,30,7884,88,46,30,7796,88,46,30
416,416.0,0.0,8762.0,8524,268,46,30,8478,46,46,30,8420,58,46,30,8354,66,46,30,8266,88,46,30,8178,88,46,30,8090,88,46,30,8002,88,46,30,7914,88,46,30,7826,88,46,30
417,417.0,0.0,8762.0,8554,238,46,30,8508,46,46,30,8450,58,46,30,8384,66,46,30,8296,88,46,30,8208,88,46,30,8120,88,46,30,8032,88,46,30,7944,88,46,30,7856,88,46,30
418,418.0,0.0,8762.0,8584,208,46,30,8538,46,46,30,8480,58,46,30,8414,66,46,30,8326,88,46,30,8238,88,46,30,8150,88,46,30,8062,88,46,30,7974,88,46,30,7886,88,46,30
419,419.0,0.0,8762.0,8614,178,46,30,8568,46,46,30,8510,58,46,30,8444,66,46,30,8356,88,46,30,8268,88,46,30,8180,88,46,30,8092,88,46,30,8004,88,46,30,7916,88,46,30
420,420.0,0.0,8762.0,8644,148,46,30,8598,46,46,30,8540,58,46,30,8474,66,46,30,8386,88,46,30,8298,88,46,30,8210,88,46,30,8122,88,46,30,8034,88,46,30,7946,88,46,30
421,421.0,0.0,8762.0,8674,118,46,30,8628,46,46,30,8570,58,46,30,8504,66,46,30,8416,88,46,30,8328,88,46,30,8240,88,46,30,8152,88,46,30,8064,88,46,30,7976,88,46,30
422,422.0,0.0,8762.0,8704,88,46,30,8658,46,46,30,8600,58,46,30,8534,66,46,30,8446,88,46,30,8358,88,46,30,8270,88,46,30,8182,88,46,30,8094,88,46,30,8006,88,46,30
423,423.0,0.0,8762.0,8734,58,46,30,8688,46,46,30,8630,58,46,30,8564,66,46,30,8476,88,46,30,8388,88,46,30,8300,88,46,30,8212,88,46,30,8124,88,46,30,8036,88,46,30
424,424.0,0.0,8762.0,8758,28,46,24,8718,46,46,30,8660,58,46,30,8594,66,46,30,8506,88,46,30,8418,88,46,30,8330,88,46,30,8242,88,46,30,8154,88,46,30,8066,88,46,30
425,425.0,0.0,8762.0,8776,4,38,18,8742,40,46,24,8690,58,46,30,8624,66,46,30,8536,88,46,30,8448,88,46,30,8360,88,46,30,8272,88,46,30,8184,88,46,30,8096,88,46,30
426,426.0,0.0,8762.0,8788,-14,30,12,8760,34,38,18,8720,52,46,30,8654,66,46,30,8566,88,46,30,8478,88,46,30,8390,88,46,30,8302,88,46,30,8214,88,46,30,8126,88,46,30
427,427.0,0.0,8762.0,8794,-26,22,6,8772,28,30,12,8744,40,46,24,8684,66,46,30,8596,88,46,30,8508,88,46,30,8420,88,46,30,8332,88,46,30,8244,88,46,30,8156,88,46,30
428,428.0,0.0,8762.0,8794,-32,14,0,8788,22,22,16,8762,28,38,18,8714,60,46,30,8626,88,46,30,8538,88,46,30,8450,88,46,30,8362,88,46,30,8274,88,46,30,8186,88,46,30
429,429.0,0.0,8762.0,8794,-32,6,0,8798,6,27,10,8774,26,30,12,8744,48,46,30,8656,88,46,30,8568,88,46,30,8480,88,46,30,8392,88,46,30,8304,88,46,30,8216,88,46,30
430,430.0,0.0,8762.0,8794,-32,6,0,8802,-4,19,4,8790,24,22,16,8768,30,46,24,8686,88,46,30,8598,88,46,30,8510,88,46,30,8422,88,46,30,8334,88,46,30,8246,88,46,30
431,431.0,0.0,8762.0,8794,-32,6,0,8802,-8,11,0,8800,12,27,10,8786,22,38,18,8716,82,46,30,8628,88,46,30,8540,88,46,30,8452,88,46,30,8364,88,46,30,8276,88,46,30
432,432.0,0.0,8762.0,8794,-32,6,0,8802,-8,6,0,8804,2,19,4,8798,14,30,12,8746,70,46,30,8658,88,46,30,8570,88,46,30,8482,88,46,30,8394,88,46,30,8306,88,46,30
433,433.0,0.0,8762.0,8794,-32,6,0,8802,-8,6,0,8804,-2,11,0,8804,6,22,6,8776,52,46,30,8688,88,46,30,8600,88,46,30,8512,88,46,30,8424,88,46,30,8336,88,46,30
434,434.0,0.0,8762.0,8794,-32,6,0,8802,-8,6,0,8804,-2,6,0,8804,0,14,0,8800,28,46,24,8718,88,46,30,8630,88,46,30,8542,88,46,30,8454,88,46,30,8366,88,46,30
435,435.0,0.0,8762.0,8794,-32,6,0,8802,-8,6,0,8804,-2,6,0,8804,0,6,0,8818,4,38,18,8748,82,46,30,8660,88,46,30,8572,88,46,30,8484,88,46,30,8396,88,46,30
436,436.0,0.0,8762.0,8794,-32,6,0,8802,-8,6,0,8804,-2,6,0,8804,0,6,0,8830,-14,30,12,8778,70,46,30,8690,88,46,30,8602,88,46,30,8514,88,46,30,8426,88,46,30
437,437.0,0.0,8762.0,8794,-32,6,0,8802,-8,6,0,8804,-2,6,0,8804,0,6,0,8836,-26,22,6,8808,52,46,30,8720,88,46,30,8632,88,46,30,8544,88,46,30,8456,88,46,30
438,438.0,0.0,8762.0,8794,-32,6,0,8802,-8,6,0,8804,-2,6,0,8804,0,6,0,8836,-32,14,0,8832,28,46,24,8750,88,46,30,8662,88,46,30,8574,88,46,30,8486,88,46,30
439,439.0,0.0,8762.0,8794,-32,6,0,8802,-8,6,0,8804,-2,6,0,8804,0,6,0,8836,-32,6,0,8850,4,38,18,8780,82,46,30,8692,88,46,30,8604,88,46,30,8516,88,46,30
440,440.0,0.0,8762.0,8794,-32,6,0,8802,-8,6,0,8804,-2,6,0,8804,0,6,0,8836,-32,6,0,8862,-14,30,12,8810,70,46,30,8722,88,46,30,8634,88,46,30,8546,88,46,30
441,441.0,0.0,8762.0,8794,-32,6,0,8802,-8,6,0,8804,-2,6,0,8804,0,6,0,8836,-32,6,0,8868,-26,22,6,8840,52,46,30,8752,88,46,30,8664,88,46,30,8576,88,46,30
442,442.0,0.0,8762.0,8794,-32,6,0,8802,-8,6,0,8804,-2,6,0,8804,0,6,0,8836,-32,6,0,8868,-32,14,0,8864,28,46,24,8782,88,46,30,8694,88,46,30,8606,88,46,30
443,443.0,0.0,8762.0,8794,-32,6,0,8802,-8,6,0,8804,-2,6,0,8804,0,6,0,8836,-32,6,0,8868,-32,6,0,8882,4,38,18,8812,82,46,30,8724,88,46,30,8636,88,46,30
444,444.0,0.0,8762.0,8794,-32,6,0,8802,-8,6,0,8804,-2,6,0,8804,0,6,0,8836,-32,6,0,8868,-32,6,0,8894,-14,30,12,8842,70,46,30,8754,88,46,30,8666,88,46,30
445,445.0,0.0,8762.0,8794,-32,6,0,8802,-8,6,0,8804,-2,6,0,8804,0,6,0,8836,-32,6,0,8868,-32,6,0,8900,-26,22,6,8872,52,46,30,8784,88,46,30,8696,88,46,30
446,446.0,0.0,8762.0,8794,-32,6,0,8802,-8,6,0,8804,-2,6,0,8804,0,6,0,8836,-32,6,0,8868,-32,6,0,8900,-32,14,0,8896,28,46,24,8814,88,46,30,8726,88,46,30
447,447.0,0.0,8762.0,8794,-32,6,0,8802,-8,6,0,8804,-2,6,0,8804,0,6,0,8836,-32,6,0,8868,-32,6,0,8900,-32,6,0,8914,4,38,18,8844,82,46,30,8756,88,46,30
448,448.0,0.0,8762.0,8794,-32,6,0,8802,-8,6,0,8804,-2,6,0,8804,0,6,0,8836,-32,6,0,8868,-32,6,0,8900,-32,6,0,8926,-14,30,12,8874,70,46,30,8786,88,46,30
449,449.0,0.0,8762.0,8794,-32,6,0,8802,-8,6,0,8804,-2,6,0,8804,0,6,0,8836,-32,6,0,8868,-32,6,0,8900,-32,6,0,8932,-26,22,6,8904,52,46,30,8816,88,46,30
450,450.0,0.0,8762.0,8794,-32,6,0,8802,-8,6,0,8804,-2,6,0,8804,0,6,0,8836,-32,6,0,8868,-32,6,0,8900,-32,6,0,8932,-32,14,0,8928,28,46,24,8846,88,46,30
451,451.0,0.0,8762.0,8794,-32,6,0,8802,-8,6,0,8804,-2,6,0,8804,0,6,0,8836,-32,6,0,8868,-32,6,0,8900,-32,6,0,8932,-32,6,0,8946,4,38,18,8876,82,46,30
452,452.0,0.0,8762.0,8794,-32,6,0,8802,-8,6,0,8804,-2,6,0,8804,0,6,0,8836,-32,6,0,8868,-32,6,0,8900,-32,6,0,8932,-32,6,0,8958,-14,30,12,8906,70,46,30
453,453.0,0.0,8762.0,8794,-32,6,0,8802,-8,6,0,8804,-2,6,0,8804,0,6,0,8836,-32,6,0,8868,-32,6,0,8900,-32,6,0,8932,-32,6,0,8964,-26,22,6,8936,52,46,30
454,454.0,0.0,8762.0,8794,-32,6,0,8802,-8,6,0,8804,-2,6,0,8804,0,6,0,8836,-32,6,0,8868,-32,6,0,8900,-32,6,0,8932,-32,6,0,8964,-32,14,0,8960,28,46,24
455,455.0,0.0,8762.0,8794,-32,6,0,8802,-8,6,0,8804,-2,6,0,8804,0,6,0,8836,-32,6,0,8868,-32,6,0,8900,-32,6,0,8932,-32,6,0,8964,-32,6,0,8978,4,38,18
456,456.0,0.0,8762.0,8794,-32,6,0,8802,-8,6,0,8804,-2,6,0,8804,0,6,0,8836,-32,6,0,8868,-32,6,0,8900,-32,6,0,8932,-32,6,0,8964,-32,6,0,8990,-14,30,12
457,457.0,0.0,8762.0,8794,-32,6,0,8802,-8,6,0,8804,-2,6,0,8804,0,6,0,8836,-32,6,0,8868,-32,6,0,8900,-32,6,0,8932,-32,6,0,8964,-32,6,0,8996,-26,22,6
458,458.0,0.0,8762.0,8794,-32,6,0,8802,-8,6,0,8804,-2,6,0,8804,0,6,0,8836,-32,6,0,8868,-32,6,0,8900,-32,6,0,8932,-32,6,0,8964,-32,6,0,8996,-32,14,0
459,459.0,0.0,8762.0,8794,-32,6,0,8802,-8,6,0,8804,-2,6,0,8804,0,6,0,8836,-32,6,0,8868,-32,6,0,8900,-32,6,0,8932,-32,6,0,8964,-32,6,0,8996,-32,6,0
460,460.0,0.0,8762.0,8794,-32,6,0,8802,-8,6,0,8804,-2,6,0,8804,0,6,0,8836,-32,6,0,8868,-32,6,0,8900,-32,6,0,8932,-32,6,0,8964,-32,6,0,8996,-32,6,0
461,461.0,0.0,8762.0,8794,-32,6,0,8802,-8,6,0,8804,-2,6,0,8804,0,6,0,8836,-32,6,0,8868,-32,6,0,8900,-32,6,0,8932,-32,6,0,8964,-32,6,0,8996,-32,6,0
462,462.0,0.0,8762.0,8794,-32,6,0,8802,-8,6,0,8804,-2,6,0,8804,0,6,0,8836,-32,6,0,8868,-32,6,0,8900,-32,6,0,8932,-32,6,0,8964,-32,6,0,8996,-32,6,0
463,463.0,0.0,8762.0,8794,-32,6,0,8802,-8,6,0,8804,-2,6,0,8804,0,6,0,8836,-32,6,0,8868,-32,6,0,8900,-32,6,0,8932,-32,6,0,8964,-32,6,0,8996,-32,6,0
464,464.0,0.0,8762.0,8794,-32,6,0,8802,-8,6,0,8804,-2,6,0,8804,0,6,0,8836,-32,6,0,8868,-32,6,0,8900,-32,6,0,8932,-32,6,0,8964,-32,6,0,8996,-32,6,0
465,465.0,0.0,8762.0,8794,-32,6,0,8802,-8,6,0,8804,-2,6,0,8804,0,6,0,8836,-32,6,0,8868,-32,6,0,8900,-32,6,0,8932,-32,6,0,8964,-32,6,0,8996,-32,6,0
466,466.0,0.0,8762.0,8794,-32,6,0,8802,-8,6,0,8804,-2,6,0,8804,0,6,0,8836,-32,6,0,8868,-32,6,0,8900,-32,6,0,8932,-32,6,0,8964,-32,6,0,8996,-32,6,0
467,467.0,0.0,8762.0,8794,-32,6,0,8802,-8,6,0,8804,-2,6,0,8804,0,6,0,8836,-32,6,0,8868,-32,6,0,8900,-32,6,0,8932,-32,6,0,8964,-32,6,0,8996,-32,6,0
468,468.0,0.0,8762.0,8794,-32,6,0,8802,-8,6,0,8804,-2,6,0,8804,0,6,0,8836,-32,6,0,8868,-32,6,0,8900,-32,6,0,8932,-32,6,0,8964,-32,6,0,8996,-32,6,0
469,469.0,0.0,8762.0,8794,-32,6,0,8802,-8,6,0,8804,-2,6,0,8804,0,6,0,8836,-32,6,0,8868,-32,6,0,8900,-32,6,0,8932,-32,6,0,8964,-32,6,0,8996,-32,6,0
470,470.0,0.0,8762.0,8794,-32,6,0,8802,-8,6,0,8804,-2,6,0,8804,0,6,0,8836,-32,6,0,8868,-32,6,0,8900,-32,6,0,8932,-32,6,0,8964,-32,6,0,8996,-32,6,0
471,471.0,0.0,8762.0,8794,-32,6,0,8802,-8,6,0,8804,-2,6,0,8804,0,6,0,8836,-32,6,0,8868,-32,6,0,8900,-32,6,0,8932,-32,6,0,8964,-32,6,0,8996,-32,6,0
472,472.0,0.0,8762.0,8794,-32,6,0,8802,-8,6,0,8804,-2,6,0,8804,0,6,0,8836,-32,6,0,8868,-32,6,0,8900,-32,6,0,8932,-32,6,0,8964,-32,6,0,8996,-32,6,0
473,473.0,0.0,8762.0,8794,-32,6,0,8802,-8,6,0,8804,-2,6,0,8804,0,6,0,8836,-32,6,0,8868,-32,6,0,8900,-32,6,0,8932,-32,6,0,8964,-32,6,0,8996,-32,6,0
474,474.0,0.0,8762.0,8794,-32,6,0,8802,-8,6,0,8804,-2,6,0,8804,0,6,0,8836,-32,6,0,8868,-32,6,0,8900,-32,6,0,8932,-32,6,0,8964,-32,6,0,8996,-32,6,0
475,475.0,0.0,8762.0,8794,-32,6,0,8802,-8,6,0,8804,-2,6,0,8804,0,6,0,8836,-32,6,0,8868,-32,6,0,8900,-32,6,0,8932,-32,6,0,8964,-32,6,0,8996,-32,6,0
476,476.0,0.0,8762.0,8794,-32,6,0,8802,-8,6,0,8804,-2,6,0,8804,0,6,0,8836,-32,6,0,8868,-32,6,0,8900,-32,6,0,8932,-32,6,0,8964,-32,6,0,8996,-32,6,0
477,477.0,0.0,8762.0,8794,-32,6,0,8802,-8,6,0,8804,-2,6,0,8804,0,6,0,8836,-32,6,0,8868,-32,6,0,8900,-32,6,0,8932,-32,6,0,8964,-32,6,0,8996,-32,6,0
478,478.0,0.0,8762.0,8794,-32,6,0,8802,-8,6,0,8804,-2,6,0,8804,0,6,0,8836,-32,6,0,8868,-32,6,0,8900,-32,6,0,8932,-32,6,0,8964,-32,6,0,8996,-32,6,0
479,479.0,0.0,8762.0,8794,-32,6,0,8802,-8,6,0,8804,-2,6,0,8804,0,6,0,8836,-32,6,0,8868,-32,6,0,8900,-32,6,0,8932,-32,6,0,8964,-32,6,0,8996,-32,6,0
480,480.0,0.0,8762.0,8794,-32,6,0,8802,-8,6,0,8804,-2,6,0,8804,0,6,0,8836,-32,6,0,8868,-32,6,0,8900,-32,6,0,8932,-32,6,0,8964,-32,6,0,8996,-32,6,0
481,481.0,0.0,8762.0,8794,-32,6,0,8802,-8,6,0,8804,-2,6,0,8804,0,6,0,8836,-32,6,0,8868,-32,6,0,8900,-32,6,0,8932,-32,6,0,8964,-32,6,0,8996,-32,6,0
482,482.0,0.0,8762.0,8794,-32,6,0,8802,-8,6,0,8804,-2,6,0,8804,0,6,0,8836,-32,6,0,8868,-32,6,0,8900,-32,6,0,8932,-32,6,0,8964,-32,6,0,8996,-32,6,0
483,483.0,0.0,8762.0,8794,-32,6,0,8802,-8,6,0,8804,-2,6,0,8804,0,6,0,8836,-32,6,0,8868,-32,6,0,8900,-32,6,0,8932,-32,6,0,8964,-32,6,0,8996,-32,6,0
484,484.0,0.0,8762.0,8794,-32,6,0,8802,-8,6,0,8804,-2,6,0,8804,0,6,0,8836,-32,6,0,8868,-32,6,0,8900,-32,6,0,8932,-32,6,0,8964,-32,6,0,8996,-32,6,0
485,485.0,0.0,8762.0,8794,-32,6,0,8802,-8,6,0,8804,-2,6,0,8804,0,6,0,8836,-32,6,0,8868,-32,6,0,8900,-32,6,0,8932,-32,6,0,8964,-32,6,0,8996,-32,6,0
486,486.0,0.0,8762.0,8794,-32,6,0,8802,-8,6,0,8804,-2,6,0,8804,0,6,0,8836,-32,6,0,8868,-32,6,0,8900,-32,6,0,8932,-32,6,0,8964,-32,6,0,8996,-32,6,0
487,487.0,0.0,8762.0,8794,-32,6,0,8802,-8,6,0,8804,-2,6,0,8804,0,6,0,8836,-32,6,0,8868,-32,6,0,8900,-32,6,0,8932,-32,6,0,8964,-32,6,0,8996,-32,6,0
488,488.0,0.0,8762.0,8794,-32,6,0,8802,-8,6,0,8804,-2,6,0,8804,0,6,0,8836,-32,6,0,8868,-32,6,0,8900,-32,6,0,8932,-32,6,0,8964,-32,6,0,8996,-32,6,0
489,489.0,0.0,8762.0,8794,-32,6,0,8802,-8,6,0,8804,-2,6,0,8804,0,6,0,8836,-32,6,0,8868,-32,6,0,8900,-32,6,0,8932,-32,6,0,8964,-32,6,0,8996,-32,6,0
490,490.0,0.0,8762.0,8794,-32,6,0,8802,-8,6,0,8804,-2,6,0,8804,0,6,0,8836,-32,6,0,8868,-32,6,0,8900,-32,6,0,8932,-32,6,0,8964,-32,6,0,8996,-32,6,0
491,491.0,0.0,8762.0,8794,-32,6,0,8802,-8,6,0,8804,-2,6,0,8804,0,6,0,8836,-32,6,0,8868,-32,6,0,8900,-32,6,0,8932,-32,6,0,8964,-32,6,0,8996,-32,6,0
492,492.0,0.0,8762.0,8794,-32,6,0,8802,-8,6,0,8804,-2,6,0,8804,0,6,0,8836,-32,6,0,8868,-32,6,0,8900,-32,6,0,8932,-32,6,0,8964,-32,6,0,8996,-32,6,0
493,493.0,0.0,8762.0,8794,-32,6,0,8802,-8,6,0,8804,-2,6,0,8804,0,6,0,8836,-32,6,0,8868,-32,6,0,8900,-32,6,0,8932,-32,6,0,8964,-32,6,0,8996,-32,6,0
494,494.0,0.0,8762.0,8794,-32,6,0,8802,-8,6,0,8804,-2,6,0,8804,0,6,0,8836,-32,6,0,8868,-32,6,0,8900,-32,6,0,8932,-32,6,0,8964,-32,6,0,8996,-32,6,0
495,495.0,0.0,8762.0,8794,-32,6,0,8802,-8,6,0,8804,-2,6,0,8804,0,6,0,8836,-32,6,0,8868,-32,6,0,8900,-32,6,0,8932,-32,6,0,8964,-32,6,0,8996,-32,6,0
496,496.0,0.0,8762.0,8794,-32,6,0,8802,-8,6,0,8804,-2,6,0,8804,0,6,0,8836,-32,6,0,8868,-32,6,0,8900,-32,6,0,8932,-32,6,0,8964,-32,6,0,8996,-32,6,0
497,497.0,0.0,8762.0,8794,-32,6,0,8802,-8,6,0,8804,-2,6,0,8804,0,6,0,8836,-32,6,0,8868,-32,6,0,8900,-32,6,0,8932,-32,6,0,8964,-32,6,0,8996,-32,6,0
498,498.0,0.0,8762.0,8794,-32,6,0,8802,-8,6,0,8804,-2,6,0,8804,0,6,0,8836,-32,6,0,8868,-32,6,0,8900,-32,6,0,8932,-32,6,0,8964,-32,6,0,8996,-32,6,0
499,499.0,0.0,8762.0,8794,-32,6,0,8802,-8,6,0,8804,-2,6,0,8804,0,6,0,8836,-32,6,0,8868,-32,6,0,8900,-32,6,0,8932,-32,6,0,8964,-32,6,0,8996,-32,6,0
500,500.0,0.0,8762.0,8794,-32,6,0,8802,-8,6,0,8804,-2,6,0,8804,0,6,0,8836,-32,6,0,8868,-32,6,0,8900,-32,6,0,8932,-32,6,0,8964,-32,6,0,8996,-32,6,0
